Date,Open,High,Low,Close,Adj Close,Volume
2014-09-17,465.864014,468.174011,452.421997,457.334015,457.334015,21056800
2014-09-18,456.859985,456.859985,413.104004,424.440002,424.440002,34483200
2014-09-19,424.102997,427.834991,384.532013,394.795990,394.795990,37919700
2014-09-20,394.673004,423.295990,389.882996,408.903992,408.903992,36863600
2014-09-21,408.084991,412.425995,393.181000,398.821014,398.821014,26580100
2014-09-22,399.100006,406.915985,397.130005,402.152008,402.152008,24127600
2014-09-23,402.092010,441.557007,396.196991,435.790985,435.790985,45099500
2014-09-24,435.751007,436.112000,421.131989,423.204987,423.204987,30627700
2014-09-25,423.156006,423.519989,409.467987,411.574005,411.574005,26814400
2014-09-26,411.428986,414.937988,400.009003,404.424988,404.424988,21460800
2014-09-27,403.556000,406.622986,397.372009,399.519989,399.519989,15029300
2014-09-28,399.471008,401.016998,374.332001,377.181000,377.181000,23613300
2014-09-29,376.928009,385.210999,372.239990,375.467010,375.467010,32497700
2014-09-30,376.088013,390.976990,373.442993,386.944000,386.944000,34707300
2014-10-01,387.427002,391.378998,380.779999,383.614990,383.614990,26229400
2014-10-02,383.988007,385.497009,372.946014,375.071991,375.071991,21777700
2014-10-03,375.181000,377.695007,357.859009,359.511993,359.511993,30901200
2014-10-04,359.891998,364.487000,325.885986,328.865997,328.865997,47236500
2014-10-05,328.915985,341.800995,289.295990,320.510010,320.510010,83308096
2014-10-06,320.389008,345.134003,302.559998,330.079010,330.079010,79011800
2014-10-07,330.584015,339.247009,320.481995,336.187012,336.187012,49199900
2014-10-08,336.115997,354.364014,327.187988,352.940002,352.940002,54736300
2014-10-09,352.747986,382.726013,347.687012,365.026001,365.026001,83641104
2014-10-10,364.687012,375.066986,352.963013,361.562012,361.562012,43665700
2014-10-11,361.362000,367.191010,355.950989,362.299011,362.299011,13345200
2014-10-12,362.605988,379.433014,356.144012,378.549011,378.549011,17552800
2014-10-13,377.920990,397.226013,368.897003,390.414001,390.414001,35221400
2014-10-14,391.691986,411.697998,391.324005,400.869995,400.869995,38491500
2014-10-15,400.954987,402.226990,388.765991,394.773010,394.773010,25267100
2014-10-16,394.518005,398.807007,373.070007,382.556000,382.556000,26990000
2014-10-17,382.756012,385.477997,375.389008,383.757996,383.757996,13600700
2014-10-18,383.976013,395.157990,378.971008,391.441986,391.441986,11416800
2014-10-19,391.253998,393.938995,386.457001,389.545990,389.545990,5914570
2014-10-20,389.230988,390.084015,378.252014,382.845001,382.845001,16419000
2014-10-21,382.420990,392.645996,380.834015,386.475006,386.475006,14188900
2014-10-22,386.118011,388.575989,382.248993,383.157990,383.157990,11641300
2014-10-23,382.962006,385.048004,356.446991,358.416992,358.416992,26456900
2014-10-24,358.591003,364.345001,353.304993,358.345001,358.345001,15585700
2014-10-25,358.610992,359.860992,342.877014,347.270996,347.270996,18127500
2014-10-26,347.487000,359.221008,343.931000,354.704010,354.704010,11272500
2014-10-27,354.777008,358.631989,349.808990,352.989014,352.989014,13033000
2014-10-28,353.214996,359.984009,352.678986,357.618011,357.618011,7845880
2014-10-29,357.088989,357.833008,335.342987,335.591003,335.591003,18192700
2014-10-30,335.709015,350.912994,335.071991,345.304993,345.304993,30177900
2014-10-31,345.009003,348.045013,337.141998,338.321014,338.321014,12545400
2014-11-01,338.649994,340.528992,321.054993,325.748993,325.748993,16677200
2014-11-02,326.075012,329.049988,320.626007,325.891998,325.891998,8603620
2014-11-03,325.569000,334.002014,325.480988,327.553986,327.553986,12948500
2014-11-04,327.161011,331.766998,325.076996,330.492004,330.492004,15655500
2014-11-05,330.683014,343.368988,330.683014,339.485992,339.485992,19817200
2014-11-06,339.458008,352.966003,338.424011,349.290009,349.290009,18797000
2014-11-07,349.817993,352.731995,341.776001,342.415009,342.415009,16834200
2014-11-08,342.153992,347.032013,342.153992,345.488007,345.488007,8535470
2014-11-09,345.376007,363.626007,344.255005,363.264008,363.264008,24205600
2014-11-10,362.265015,374.816010,357.561005,366.924011,366.924011,30450100
2014-11-11,365.856995,371.309998,363.734985,367.695007,367.695007,15838900
2014-11-12,367.984985,429.717987,367.984985,423.561005,423.561005,45783200
2014-11-13,427.273010,457.092987,401.122986,420.734985,420.734985,58945000
2014-11-14,418.416992,419.252014,384.789001,397.817993,397.817993,29589200
2014-11-15,399.649994,405.528015,371.007996,376.132996,376.132996,15727500
2014-11-16,374.730011,390.799011,374.601990,387.881989,387.881989,11905600
2014-11-17,388.348999,410.199005,377.502014,387.407990,387.407990,41518800
2014-11-18,387.785004,392.402008,371.117004,375.197998,375.197998,32222500
2014-11-19,373.895996,386.480988,373.895996,380.554993,380.554993,18931800
2014-11-20,380.307007,382.024994,356.781006,357.839996,357.839996,25233200
2014-11-21,357.878998,357.878998,344.112000,350.847992,350.847992,29850100
2014-11-22,351.604004,364.841003,350.877991,352.920013,352.920013,15273000
2014-11-23,353.174988,370.845001,353.174988,367.572998,367.572998,15151600
2014-11-24,366.947998,387.209015,366.669006,376.901001,376.901001,30930100
2014-11-25,376.885986,394.700989,374.783997,375.347992,375.347992,25442200
2014-11-26,376.019012,377.697998,365.816010,368.369995,368.369995,18601700
2014-11-27,370.502014,373.992004,368.282013,369.670013,369.670013,8748030
2014-11-28,369.373993,382.838013,358.454987,376.446991,376.446991,22946500
2014-11-29,376.152008,387.601013,372.144989,375.490997,375.490997,15375600
2014-11-30,375.510010,382.527008,373.308990,378.046997,378.046997,9194440
2014-12-01,378.248993,383.661987,376.669006,379.244995,379.244995,11763000
2014-12-02,379.250000,384.037994,377.863007,381.315002,381.315002,12364100
2014-12-03,381.721985,383.026001,374.346008,375.010010,375.010010,13340100
2014-12-04,375.717987,378.654999,367.759003,369.604004,369.604004,14529600
2014-12-05,369.441986,379.191986,365.756012,376.854004,376.854004,15181800
2014-12-06,376.756989,378.447998,370.945007,374.785004,374.785004,7009320
2014-12-07,374.835999,376.291992,373.274994,375.095001,375.095001,6491650
2014-12-08,374.964996,376.028992,361.885986,361.908997,361.908997,18898700
2014-12-09,361.894989,363.066986,344.950989,352.218994,352.218994,32915500
2014-12-10,352.204987,352.384003,346.364990,346.364990,346.364990,16427700
2014-12-11,344.339996,361.356995,338.763000,350.506012,350.506012,32431300
2014-12-12,350.833008,352.983002,349.290985,352.541992,352.541992,16989800
2014-12-13,352.381012,352.381012,346.588013,347.376007,347.376007,11675900
2014-12-14,346.726990,353.316010,345.417999,351.631989,351.631989,12415200
2014-12-15,351.360992,351.815002,344.933990,345.345001,345.345001,17264200
2014-12-16,345.673004,345.859009,327.062012,327.062012,327.062012,30864900
2014-12-17,326.855011,333.954010,315.152008,319.776001,319.776001,37567900
2014-12-18,319.785004,323.709015,304.231995,311.395996,311.395996,39173000
2014-12-19,311.178986,318.532990,306.769012,317.842987,317.842987,23823100
2014-12-20,317.618988,330.325012,316.044006,329.955994,329.955994,20856700
2014-12-21,329.542999,329.628998,318.903015,320.842987,320.842987,15207600
2014-12-22,321.067993,334.117004,320.424988,331.885986,331.885986,22315100
2014-12-23,332.016998,336.286987,329.601990,334.571991,334.571991,16574200
2014-12-24,334.385010,334.740997,321.356995,322.533997,322.533997,15092300
2014-12-25,322.286011,322.670013,316.958008,319.007996,319.007996,9883640
2014-12-26,319.152008,331.424011,316.627014,327.924011,327.924011,16410500
2014-12-27,327.583008,328.911011,312.630005,315.863007,315.863007,15185200
2014-12-28,316.160004,320.028015,311.078003,317.239014,317.239014,11676600
2014-12-29,317.700989,320.266998,312.307007,312.670013,312.670013,12302500
2014-12-30,312.718994,314.808990,309.372986,310.737000,310.737000,12528300
2014-12-31,310.914001,320.192993,310.210999,320.192993,320.192993,13942900
2015-01-01,320.434998,320.434998,314.002991,314.248993,314.248993,8036550
2015-01-02,314.079010,315.838989,313.565002,315.032013,315.032013,7860650
2015-01-03,314.846008,315.149994,281.082001,281.082001,281.082001,33054400
2015-01-04,281.145996,287.230011,257.612000,264.195007,264.195007,55629100
2015-01-05,265.084015,278.341003,265.084015,274.473999,274.473999,43962800
2015-01-06,274.610992,287.553009,272.696014,286.188995,286.188995,23245700
2015-01-07,286.076996,298.753998,283.079010,294.337006,294.337006,24866800
2015-01-08,294.135010,294.135010,282.174988,283.348999,283.348999,19982500
2015-01-09,282.382996,291.114014,280.532990,290.407990,290.407990,18718600
2015-01-10,287.303009,288.127014,273.966003,274.795990,274.795990,15264300
2015-01-11,274.608002,279.638000,265.039001,265.660004,265.660004,18200800
2015-01-12,266.145996,272.203003,265.200012,267.795990,267.795990,18880300
2015-01-13,267.394012,268.277008,219.906006,225.860992,225.860992,72843904
2015-01-14,223.893997,223.893997,171.509995,178.102997,178.102997,97638704
2015-01-15,176.897003,229.067001,176.897003,209.843994,209.843994,81773504
2015-01-16,209.070007,221.591003,199.770996,208.097000,208.097000,38421000
2015-01-17,207.834000,211.731003,194.875000,199.259995,199.259995,23469700
2015-01-18,200.050003,218.695007,194.505997,210.339005,210.339005,30085100
2015-01-19,211.470993,216.727997,207.317993,214.860992,214.860992,18658300
2015-01-20,212.906998,215.240997,205.153000,211.315002,211.315002,24051100
2015-01-21,211.378006,227.787994,211.212006,226.897003,226.897003,29924600
2015-01-22,227.322006,237.018997,226.434006,233.406006,233.406006,33544600
2015-01-23,233.516998,234.845001,225.195999,232.878998,232.878998,24621700
2015-01-24,232.699997,248.210007,230.022003,247.847000,247.847000,24782500
2015-01-25,247.352005,255.074005,243.889999,253.718002,253.718002,33582700
2015-01-26,254.078995,309.384003,254.078995,273.472992,273.472992,106794000
2015-01-27,273.166992,275.480011,250.653000,263.475006,263.475006,44399000
2015-01-28,263.351013,266.535004,227.046005,233.914993,233.914993,44352200
2015-01-29,233.348007,238.705994,220.712006,233.513000,233.513000,32213400
2015-01-30,232.772003,242.850998,225.839005,226.425003,226.425003,26605200
2015-01-31,226.440994,233.503998,216.309006,217.464005,217.464005,23348200
2015-02-01,216.867004,231.574005,212.014999,226.972000,226.972000,29128500
2015-02-02,226.490997,242.175003,222.658997,238.229004,238.229004,30612100
2015-02-03,237.453995,245.957001,224.483002,227.268005,227.268005,40783700
2015-02-04,227.511002,230.057999,221.113007,226.852997,226.852997,26594300
2015-02-05,227.664993,239.404999,214.725006,217.110992,217.110992,22516400
2015-02-06,216.923004,230.509995,216.231995,222.266006,222.266006,24435300
2015-02-07,222.632996,230.298996,222.606995,227.753998,227.753998,21604200
2015-02-08,227.692993,229.438004,221.076996,223.412003,223.412003,17145200
2015-02-09,223.389008,223.977005,217.018997,220.110001,220.110001,27791300
2015-02-10,220.281998,221.807007,215.332001,219.839005,219.839005,21115100
2015-02-11,219.731995,223.406006,218.074005,219.184998,219.184998,17201900
2015-02-12,219.207993,222.199005,217.613998,221.764008,221.764008,15206200
2015-02-13,221.968994,240.259003,221.261993,235.427002,235.427002,42744400
2015-02-14,235.528000,259.808014,235.528000,257.321014,257.321014,49732500
2015-02-15,257.506989,265.610992,227.684006,234.824997,234.824997,56552400
2015-02-16,234.824997,239.520996,229.022003,233.843002,233.843002,28153700
2015-02-17,233.421997,245.774994,232.313995,243.610001,243.610001,27363100
2015-02-18,243.779999,244.251007,232.339996,236.326004,236.326004,25200800
2015-02-19,236.410004,242.671997,235.591995,240.283005,240.283005,18270500
2015-02-20,240.251007,247.100998,239.298996,243.779007,243.779007,23876700
2015-02-21,243.751999,255.320007,243.184006,244.533997,244.533997,12284200
2015-02-22,244.544006,246.391998,233.850998,235.977005,235.977005,19527000
2015-02-23,235.994995,240.108994,232.421005,238.891998,238.891998,16400000
2015-02-24,238.998001,239.901001,236.401993,238.735001,238.735001,14200400
2015-02-25,238.889999,239.339996,235.529999,237.470001,237.470001,11496200
2015-02-26,237.337006,237.710007,234.257004,236.425995,236.425995,13619400
2015-02-27,236.436005,256.653015,236.436005,253.828003,253.828003,44013900
2015-02-28,253.520004,254.692001,249.479004,254.263000,254.263000,13949300
2015-03-01,254.283005,261.660004,245.932999,260.201996,260.201996,25213700
2015-03-02,260.356995,276.300995,258.312988,275.670013,275.670013,40465700
2015-03-03,275.045990,285.795990,268.161011,281.701996,281.701996,50461300
2015-03-04,281.989990,284.225006,268.126007,273.092010,273.092010,41383000
2015-03-05,272.739014,281.666992,264.769012,276.178009,276.178009,41302400
2015-03-06,275.600006,277.608002,270.015015,272.722992,272.722992,28918900
2015-03-07,272.294006,277.854004,270.132996,276.260986,276.260986,17825900
2015-03-08,276.433014,277.858002,272.565002,274.354004,274.354004,22067900
2015-03-09,274.812012,292.700989,273.893005,289.606995,289.606995,59178200
2015-03-10,289.862000,300.044006,289.743011,291.760010,291.760010,67770800
2015-03-11,291.524994,297.390991,290.507996,296.378998,296.378998,33963900
2015-03-12,296.127014,297.088013,292.412994,294.354004,294.354004,32585200
2015-03-13,294.118011,294.497986,285.337006,285.337006,285.337006,31421500
2015-03-14,284.441986,286.342010,280.976013,281.885010,281.885010,22612300
2015-03-15,281.424988,286.528992,280.996002,286.393005,286.393005,11970100
2015-03-16,285.684998,294.112000,285.684998,290.592987,290.592987,21516100
2015-03-17,290.595001,292.364990,284.373993,285.505005,285.505005,21497200
2015-03-18,285.066986,285.335999,249.869995,256.299011,256.299011,57008000
2015-03-19,255.880005,264.243988,248.636002,260.928009,260.928009,52732000
2015-03-20,260.955994,264.847992,259.161987,261.748993,261.748993,18456700
2015-03-21,261.644012,262.196014,255.649994,260.024994,260.024994,17130100
2015-03-22,259.916992,269.747009,259.589996,267.959991,267.959991,18438100
2015-03-23,267.894989,277.296997,261.744995,266.739990,266.739990,22811900
2015-03-24,266.576996,267.002991,244.154999,245.595001,245.595001,40073700
2015-03-25,247.472000,249.190002,236.514999,246.197006,246.197006,35866900
2015-03-26,246.276001,254.354004,244.904999,248.531998,248.531998,25730000
2015-03-27,248.565994,256.811005,245.212997,247.029007,247.029007,17274900
2015-03-28,246.975006,254.205002,246.975006,252.798004,252.798004,16040900
2015-03-29,252.740005,253.139008,240.850006,242.712997,242.712997,21699400
2015-03-30,242.878998,249.242004,239.214005,247.526001,247.526001,23009600
2015-03-31,247.453995,248.729996,242.738998,244.223999,244.223999,22672000
2015-04-01,244.223007,247.541000,241.160004,247.272003,247.272003,22877200
2015-04-02,247.089005,254.460999,245.416000,253.005005,253.005005,26272600
2015-04-03,253.074005,256.042999,251.878998,254.322006,254.322006,23146600
2015-04-04,254.291000,255.257996,251.100006,253.697006,253.697006,12493500
2015-04-05,253.761002,260.674988,251.942001,260.597992,260.597992,19649200
2015-04-06,260.721008,261.798004,254.574997,255.492004,255.492004,20034200
2015-04-07,255.274002,255.804993,252.205002,253.179993,253.179993,18467400
2015-04-08,253.063995,253.847000,244.214996,245.022003,245.022003,30086400
2015-04-09,244.751007,246.117996,239.399994,243.675995,243.675995,21643500
2015-04-10,243.694000,243.694000,232.770996,236.072006,236.072006,28882000
2015-04-11,236.016006,239.537003,234.175003,236.552002,236.552002,16365200
2015-04-12,236.535004,237.727997,233.494995,236.153000,236.153000,12387900
2015-04-13,235.949997,236.934998,221.996002,224.587006,224.587006,31181800
2015-04-14,224.759003,224.975998,216.322998,219.158997,219.158997,31719000
2015-04-15,219.072998,223.832993,218.649002,223.832993,223.832993,22562000
2015-04-16,223.917007,229.671997,223.917007,228.572998,228.572998,24805400
2015-04-17,228.574997,228.906006,221.942001,222.882004,222.882004,20429800
2015-04-18,222.852997,224.315994,220.876007,223.356003,223.356003,12939000
2015-04-19,223.455994,226.352997,222.373001,222.600006,222.600006,15021500
2015-04-20,222.612000,226.350998,221.977005,224.626007,224.626007,18364700
2015-04-21,224.619995,235.268997,224.300995,235.268997,235.268997,24978000
2015-04-22,235.602005,237.908997,233.475998,234.175995,234.175995,23847900
2015-04-23,234.052994,236.475006,233.199005,236.462006,236.462006,17036000
2015-04-24,235.970001,236.304993,229.932999,231.268005,231.268005,21448700
2015-04-25,231.235001,232.561005,226.337006,226.389999,226.389999,13957200
2015-04-26,226.410004,226.944000,214.873993,219.429993,219.429993,28943700
2015-04-27,219.429001,233.304993,218.022995,229.285995,229.285995,38574000
2015-04-28,228.968994,229.494995,223.069000,225.854996,225.854996,21469200
2015-04-29,225.591003,227.039993,223.429993,225.807999,225.807999,18936500
2015-04-30,225.692993,239.563004,224.992996,236.145004,236.145004,33818600
2015-05-01,235.938995,238.966003,232.078995,232.078995,232.078995,18815300
2015-05-02,232.341003,235.727005,232.341003,234.929993,234.929993,12535500
2015-05-03,234.880005,243.240005,234.082993,240.358002,240.358002,18494100
2015-05-04,240.356003,242.638000,237.809998,239.018005,239.018005,21223400
2015-05-05,238.852005,239.203995,232.054001,236.121002,236.121002,23929100
2015-05-06,236.248993,236.453995,229.231003,229.781998,229.781998,29587200
2015-05-07,229.662003,239.104996,228.572998,237.334000,237.334000,29064400
2015-05-08,237.203995,246.274994,236.274002,243.863007,243.863007,27445500
2015-05-09,243.768997,247.804001,239.639008,241.832001,241.832001,19790500
2015-05-10,241.729004,244.067993,238.848999,240.296005,240.296005,15019100
2015-05-11,240.298996,244.270004,239.376007,242.158005,242.158005,20892300
2015-05-12,242.145004,242.880997,240.098999,241.112000,241.112000,19282600
2015-05-13,241.397995,243.703995,235.044998,236.376999,236.376999,27180100
2015-05-14,236.214005,237.798996,234.057007,236.929001,236.929001,24413700
2015-05-15,236.955002,238.753006,236.794998,237.604996,237.604996,16329400
2015-05-16,237.643997,237.697006,235.294998,236.153000,236.153000,11089700
2015-05-17,236.009995,238.024994,236.009995,236.802002,236.802002,11134300
2015-05-18,236.886993,237.210007,232.460007,233.128006,233.128006,16780300
2015-05-19,233.037003,234.151001,231.817001,231.947006,231.947006,14241900
2015-05-20,231.889999,234.682999,231.841995,234.018005,234.018005,15499400
2015-05-21,234.016006,236.242004,233.835007,235.343994,235.343994,15108900
2015-05-22,235.320999,240.968994,235.059998,240.348007,240.348007,27003000
2015-05-23,240.285995,241.024994,238.690994,238.871994,238.871994,14605000
2015-05-24,238.975998,241.977997,238.811005,240.953003,240.953003,11508000
2015-05-25,240.927002,241.020996,236.636993,237.110001,237.110001,14423900
2015-05-26,237.104004,238.242004,235.692001,237.115997,237.115997,16425000
2015-05-27,237.065002,238.636002,236.695007,237.283005,237.283005,18837000
2015-05-28,237.257004,237.824005,236.651993,237.408005,237.408005,13829600
2015-05-29,237.376999,237.522003,235.731003,237.095993,237.095993,14805000
2015-05-30,237.091995,237.093002,232.046005,233.345001,233.345001,14098600
2015-05-31,233.134995,233.251999,229.542007,230.190002,230.190002,14730800
2015-06-01,230.233002,231.712997,221.296005,222.925995,222.925995,26090500
2015-06-02,222.893997,226.416000,222.419006,225.802994,225.802994,20459000
2015-06-03,225.735992,227.404007,223.929993,225.873993,225.873993,17752400
2015-06-04,225.772003,226.580994,224.054001,224.324005,224.324005,14728100
2015-06-05,224.154007,225.968002,223.179001,224.951996,224.951996,18056500
2015-06-06,225.005005,225.718994,224.378998,225.619003,225.619003,11131500
2015-06-07,225.595993,226.194000,222.651993,222.880997,222.880997,13318400
2015-06-08,222.878998,229.464005,222.839005,228.488998,228.488998,23378400
2015-06-09,228.537994,230.953995,227.929001,229.048004,229.048004,28353100
2015-06-10,228.994995,229.781998,228.009995,228.802994,228.802994,15904800
2015-06-11,228.854996,230.287003,228.766998,229.705002,229.705002,14416000
2015-06-12,229.705002,231.057007,229.313004,229.981995,229.981995,14017700
2015-06-13,229.919998,232.651993,229.210007,232.401993,232.401993,13305300
2015-06-14,232.442001,234.858002,232.003998,233.542999,233.542999,12165900
2015-06-15,233.421997,237.835999,233.421997,236.822998,236.822998,19912100
2015-06-16,236.764999,251.742004,236.121994,250.895004,250.895004,41612000
2015-06-17,250.822998,256.852997,246.475998,249.283997,249.283997,43858400
2015-06-18,249.427994,252.108002,244.126999,249.007004,249.007004,30980200
2015-06-19,249.042999,250.977005,243.787003,244.606003,244.606003,23965300
2015-06-20,244.529999,245.828003,240.626999,245.212006,245.212006,20608100
2015-06-21,245.100006,245.223999,241.882004,243.944000,243.944000,10600900
2015-06-22,243.968994,247.917007,243.779007,246.990005,246.990005,17692500
2015-06-23,246.927002,247.304001,243.132996,244.296005,244.296005,15108700
2015-06-24,244.281998,244.341003,240.514999,240.514999,240.514999,17344900
2015-06-25,240.365005,243.332001,240.365005,242.798996,242.798996,16133100
2015-06-26,242.604004,243.748993,241.552994,243.593994,243.593994,13983500
2015-06-27,243.548996,251.339005,243.117004,250.990005,250.990005,20488600
2015-06-28,250.955002,251.171997,247.434006,249.011002,249.011002,15137600
2015-06-29,248.720993,257.173004,248.580994,257.063995,257.063995,34742900
2015-06-30,257.036011,267.867004,255.945999,263.071991,263.071991,44533800
2015-07-01,263.345001,265.171997,255.774002,258.621002,258.621002,27029800
2015-07-02,258.552002,261.631012,254.115997,255.412003,255.412003,21551900
2015-07-03,255.459000,257.076996,253.505005,256.335999,256.335999,19033800
2015-07-04,256.490997,261.457001,254.199997,260.885986,260.885986,15620400
2015-07-05,260.804993,274.506012,258.700989,271.912994,271.912994,44156100
2015-07-06,271.108002,277.421997,267.600006,269.029999,269.029999,49154800
2015-07-07,269.963013,271.341003,264.832001,266.207001,266.207001,28857600
2015-07-08,265.981995,272.971008,264.385986,270.785004,270.785004,36980200
2015-07-09,270.826996,272.334991,267.085999,269.227997,269.227997,40301200
2015-07-10,269.156006,294.591003,268.802002,284.894012,284.894012,100390000
2015-07-11,284.880005,298.506012,283.529999,293.114990,293.114990,41109900
2015-07-12,293.140015,314.394012,292.505005,310.867004,310.867004,56405000
2015-07-13,310.826996,310.947998,281.010986,292.053986,292.053986,62053900
2015-07-14,292.033997,296.147003,286.638000,287.463989,287.463989,28727200
2015-07-15,288.045013,293.247986,285.367004,285.829010,285.829010,27486600
2015-07-16,286.041992,291.183014,275.239990,278.088989,278.088989,49482600
2015-07-17,278.091003,280.279999,272.042999,279.471985,279.471985,27591400
2015-07-18,279.330994,282.527008,274.075012,274.901001,274.901001,25187100
2015-07-19,274.766998,275.670013,272.513000,273.614014,273.614014,15332500
2015-07-20,273.498993,278.980988,272.959991,278.980988,278.980988,22711400
2015-07-21,278.881989,280.546997,275.419006,275.833008,275.833008,22930700
2015-07-22,275.657013,277.665985,274.381012,277.221985,277.221985,19389800
2015-07-23,277.341003,278.110992,275.716003,276.049011,276.049011,18531300
2015-07-24,276.005005,289.252991,275.253998,288.278015,288.278015,37199400
2015-07-25,288.164001,290.733002,286.002014,288.696991,288.696991,20662200
2015-07-26,288.640015,293.052002,287.705994,292.686005,292.686005,16032300
2015-07-27,292.639008,297.773987,287.450012,293.623993,293.623993,30592000
2015-07-28,293.632996,296.648987,293.423004,294.427002,294.427002,25453600
2015-07-29,294.484009,294.536011,288.777008,289.589996,289.589996,24672600
2015-07-30,289.102997,290.126007,286.567993,287.721985,287.721985,21635800
2015-07-31,287.696014,288.959015,282.343994,284.649994,284.649994,23629100
2015-08-01,284.686005,284.932007,278.112000,281.601013,281.601013,18995000
2015-08-02,280.449005,283.032013,277.528992,282.614014,282.614014,17722200
2015-08-03,282.806000,285.471008,280.233002,281.226990,281.226990,21474100
2015-08-04,281.225006,285.714996,281.225006,285.217987,285.217987,21908700
2015-08-05,284.846985,285.501007,281.488007,281.881989,281.881989,20128000
2015-08-06,281.906006,281.906006,278.403015,278.576996,278.576996,18792100
2015-08-07,278.740997,280.391998,276.365997,279.584991,279.584991,42484800
2015-08-08,279.742004,279.928009,260.709991,260.997009,260.997009,58533000
2015-08-09,261.115997,267.002991,260.467987,265.083008,265.083008,23789600
2015-08-10,265.477997,267.032013,262.596008,264.470001,264.470001,20979400
2015-08-11,264.342010,270.385986,264.093994,270.385986,270.385986,25433900
2015-08-12,270.597992,270.673004,265.468994,266.376007,266.376007,26815400
2015-08-13,266.183014,266.231995,262.841003,264.079987,264.079987,27685500
2015-08-14,264.131989,267.466003,261.477997,265.679993,265.679993,27091200
2015-08-15,265.528992,266.666992,261.295990,261.550995,261.550995,19321100
2015-08-16,261.865997,262.440002,257.040985,258.506989,258.506989,29717000
2015-08-17,258.489990,260.505005,257.117004,257.976013,257.976013,21617900
2015-08-18,257.925995,257.993011,211.078995,211.078995,211.078995,42147200
2015-08-19,225.671005,237.408997,222.766006,226.684006,226.684006,60869200
2015-08-20,226.899002,237.365005,226.899002,235.350006,235.350006,32275000
2015-08-21,235.354996,236.432007,231.723999,232.569000,232.569000,23173800
2015-08-22,232.662003,234.957001,222.703995,230.389999,230.389999,23205900
2015-08-23,230.376007,232.705002,225.580002,228.169006,228.169006,18406600
2015-08-24,228.112000,228.139008,210.442993,210.494995,210.494995,59220700
2015-08-25,210.067993,226.320999,199.567001,221.608994,221.608994,61089200
2015-08-26,222.076004,231.182999,220.203995,225.830994,225.830994,31808000
2015-08-27,226.050003,228.643005,223.684006,224.768997,224.768997,21905400
2015-08-28,224.701004,235.218994,220.925995,231.395996,231.395996,31336600
2015-08-29,231.548996,233.222000,227.330002,229.779999,229.779999,17142500
2015-08-30,229.895004,232.067993,226.246994,228.761002,228.761002,19412600
2015-08-31,229.113998,231.955994,225.914993,230.056000,230.056000,20710700
2015-09-01,230.255997,231.216003,226.860001,228.121002,228.121002,20575200
2015-09-02,228.026993,230.576996,226.475006,229.283997,229.283997,18760400
2015-09-03,229.324005,229.604996,226.667007,227.182999,227.182999,17482000
2015-09-04,227.214996,230.899994,227.050995,230.298004,230.298004,20962400
2015-09-05,230.199005,236.143005,229.442993,235.018997,235.018997,20671400
2015-09-06,234.869995,242.912003,234.681000,239.839996,239.839996,25473700
2015-09-07,239.934006,242.106003,238.722000,239.847000,239.847000,21192200
2015-09-08,239.845993,245.781006,239.677994,243.606995,243.606995,26879200
2015-09-09,243.414993,244.416000,237.820999,238.167999,238.167999,23635700
2015-09-10,238.335999,241.292999,235.791000,238.477005,238.477005,21215500
2015-09-11,238.328995,241.169006,238.328995,240.106995,240.106995,19224700
2015-09-12,239.854996,240.123993,234.753998,235.229004,235.229004,17962600
2015-09-13,235.242004,235.934998,229.332001,230.511993,230.511993,18478800
2015-09-14,230.608994,232.440002,227.960999,230.643997,230.643997,20997800
2015-09-15,230.492004,259.182007,229.822006,230.304001,230.304001,19177800
2015-09-16,230.250000,231.214996,227.401993,229.091003,229.091003,20144200
2015-09-17,229.076004,230.285004,228.925995,229.809998,229.809998,18935400
2015-09-18,233.520996,234.352997,232.184998,232.975006,232.975006,20242200
2015-09-19,232.858002,233.205002,231.089005,231.492996,231.492996,12712600
2015-09-20,231.399002,232.365005,230.910004,231.212006,231.212006,14444700
2015-09-21,231.216995,231.216995,226.520996,227.085007,227.085007,19678800
2015-09-22,226.968994,232.386002,225.117004,230.617996,230.617996,25009300
2015-09-23,230.936005,231.835007,229.591003,230.283005,230.283005,17254100
2015-09-24,230.358002,235.649002,230.294998,234.529007,234.529007,25097800
2015-09-25,234.362000,237.427002,233.684006,235.143997,235.143997,22363600
2015-09-26,235.076004,235.403000,233.358002,234.339996,234.339996,13724100
2015-09-27,234.139008,234.526001,232.475998,232.757004,232.757004,14179900
2015-09-28,232.835999,239.339005,232.466995,239.141998,239.141998,24713000
2015-09-29,239.016006,239.802002,235.927994,236.686996,236.686996,22691300
2015-09-30,236.639999,237.733994,235.628998,236.059998,236.059998,19743500
2015-10-01,236.003998,238.445007,235.615997,237.548996,237.548996,20488800
2015-10-02,237.264008,238.541000,236.602997,237.292999,237.292999,19677900
2015-10-03,237.201996,239.315002,236.944000,238.729996,238.729996,16482700
2015-10-04,238.531006,238.968002,237.940002,238.259003,238.259003,12999000
2015-10-05,238.147003,240.382996,237.035004,240.382996,240.382996,23335900
2015-10-06,240.363998,246.934998,240.136002,246.063004,246.063004,27535100
2015-10-07,246.169998,246.681000,242.585007,242.968994,242.968994,22999200
2015-10-08,243.074997,244.251007,242.179001,242.304001,242.304001,18515300
2015-10-09,242.498001,244.227997,242.121994,243.931000,243.931000,17353100
2015-10-10,243.740005,245.319000,243.074005,244.940994,244.940994,15912700
2015-10-11,244.742004,247.242996,244.151993,247.050003,247.050003,16827300
2015-10-12,246.875000,247.453995,245.179001,245.307999,245.307999,17388300
2015-10-13,245.199997,250.235992,243.757004,249.507996,249.507996,28198500
2015-10-14,249.492996,254.274994,248.903000,251.988998,251.988998,27462600
2015-10-15,252.106995,255.962006,252.046005,254.320007,254.320007,25223500
2015-10-16,254.296005,266.135010,253.925995,262.868988,262.868988,35901500
2015-10-17,262.747009,273.578003,262.367004,270.640015,270.640015,43199600
2015-10-18,270.907013,271.667999,260.777008,261.643005,261.643005,22434300
2015-10-19,261.860992,264.820007,260.950989,263.437012,263.437012,25258800
2015-10-20,263.571991,270.834991,263.226990,269.463013,269.463013,30889800
2015-10-21,269.306000,270.769989,263.838989,266.272003,266.272003,25637300
2015-10-22,266.496002,276.510010,266.135010,274.023010,274.023010,37808600
2015-10-23,273.648987,278.683990,273.542999,276.496002,276.496002,29442500
2015-10-24,276.503998,281.705994,276.503998,281.653992,281.653992,25942400
2015-10-25,281.445007,294.058990,281.445007,283.679993,283.679993,45717100
2015-10-26,283.627991,285.299988,280.510010,285.299988,285.299988,32108800
2015-10-27,285.181000,296.212006,285.007996,293.787994,293.787994,46331800
2015-10-28,293.703003,306.330994,293.703003,304.618011,304.618011,50808100
2015-10-29,304.324005,318.170013,301.822998,313.855011,313.855011,64495900
2015-10-30,313.942993,334.169006,313.940002,328.015015,328.015015,78305000
2015-10-31,328.511993,332.777008,309.251007,314.165985,314.165985,48598100
2015-11-01,315.005005,327.471985,311.881012,325.431000,325.431000,37001100
2015-11-02,325.941986,365.359985,323.209015,361.188995,361.188995,101918000
2015-11-03,361.872986,417.899994,357.647003,403.416992,403.416992,206162000
2015-11-04,403.664001,495.562012,380.548004,411.562988,411.562988,263900000
2015-11-05,408.076996,447.561005,374.580994,386.354004,386.354004,151824992
2015-11-06,388.046997,395.835999,354.024994,374.470001,374.470001,122687000
2015-11-07,374.269012,390.585999,372.433014,386.481995,386.481995,56625100
2015-11-08,384.278015,389.894989,368.700012,373.368011,373.368011,51817600
2015-11-09,374.324005,385.278015,362.894989,380.256989,380.256989,68224400
2015-11-10,379.984009,381.386993,329.108002,336.819000,336.819000,95797904
2015-11-11,339.820007,340.584991,300.997009,311.084015,311.084015,107070000
2015-11-12,314.079010,345.080994,313.355988,338.152008,338.152008,78477800
2015-11-13,338.497986,340.914001,326.075012,336.752991,336.752991,52003000
2015-11-14,336.623993,338.181000,329.970001,332.906006,332.906006,38612000
2015-11-15,333.050995,334.661987,317.489990,320.165985,320.165985,44213100
2015-11-16,319.734985,331.626007,315.904999,330.751007,330.751007,47980100
2015-11-17,330.362000,338.350006,329.614014,335.093994,335.093994,51001600
2015-11-18,334.592987,336.531006,330.640015,334.589996,334.589996,43783800
2015-11-19,334.678986,335.334015,325.273010,326.148987,326.148987,45011100
2015-11-20,326.411011,326.472992,312.217010,322.022003,322.022003,53152900
2015-11-21,322.092010,328.158997,319.595001,326.927002,326.927002,28200500
2015-11-22,326.975006,327.010010,321.259003,324.536011,324.536011,23439400
2015-11-23,324.350006,325.118011,321.290009,323.045990,323.045990,27478900
2015-11-24,323.014008,323.058014,318.118011,320.045990,320.045990,29362600
2015-11-25,320.045013,329.134003,316.769989,328.205994,328.205994,41666900
2015-11-26,328.303009,366.756989,328.229004,352.683990,352.683990,106105000
2015-11-27,351.860992,363.588989,347.869995,358.041992,358.041992,55179100
2015-11-28,357.140991,359.536011,352.171997,357.381012,357.381012,36816600
2015-11-29,357.471985,371.938995,355.665985,371.294006,371.294006,40409300
2015-11-30,371.437012,382.363007,370.382996,377.321014,377.321014,71701600
2015-12-01,377.414001,378.931000,356.562988,362.488007,362.488007,60452200
2015-12-02,361.845001,362.231995,349.464996,359.187012,359.187012,54160500
2015-12-03,359.330994,370.274994,357.411987,361.045990,361.045990,50714900
2015-12-04,361.261993,363.515991,355.756989,363.183014,363.183014,35784100
2015-12-05,363.721008,389.785004,363.229004,388.949005,388.949005,66282200
2015-12-06,389.554993,402.808990,387.088989,388.782990,388.782990,77762000
2015-12-07,389.977997,399.968994,385.411011,395.536011,395.536011,63455800
2015-12-08,395.753998,415.562988,389.950012,415.562988,415.562988,57801400
2015-12-09,414.441010,423.119995,406.290985,417.562988,417.562988,90917200
2015-12-10,417.988007,419.509003,411.548004,415.479004,415.479004,52138900
2015-12-11,415.281006,451.937988,415.281006,451.937988,451.937988,110944000
2015-12-12,452.334991,469.102997,410.740997,434.997009,434.997009,131969000
2015-12-13,431.660004,441.679993,426.268005,433.755005,433.755005,55050600
2015-12-14,433.272003,447.141998,430.455994,444.182007,444.182007,130496000
2015-12-15,443.877991,465.321014,443.877991,465.321014,465.321014,83121104
2015-12-16,465.208008,465.208008,443.851013,454.933990,454.933990,107944000
2015-12-17,454.777008,457.859985,448.858002,456.078003,456.078003,47978400
2015-12-18,455.846985,465.177002,454.940002,463.615997,463.615997,60220100
2015-12-19,463.552002,465.580994,456.765015,462.321991,462.321991,47892700
2015-12-20,462.234009,462.644989,434.338013,442.684998,442.684998,75409400
2015-12-21,442.838013,444.729004,427.312012,438.639008,438.639008,77639696
2015-12-22,437.436005,443.687988,435.515991,436.571991,436.571991,50840400
2015-12-23,436.720001,444.528992,436.618988,442.401001,442.401001,47161400
2015-12-24,443.091003,458.455994,443.076996,454.984985,454.984985,57157200
2015-12-25,454.855011,458.304993,452.075012,455.653015,455.653015,39078500
2015-12-26,455.756012,457.489014,405.760010,417.273987,417.273987,116166000
2015-12-27,416.514008,424.006989,408.882996,422.822998,422.822998,53591200
2015-12-28,423.342987,429.769012,418.480988,422.278992,422.278992,49638600
2015-12-29,422.097992,432.983002,420.627014,432.983002,432.983002,51596500
2015-12-30,433.299988,434.386993,422.084015,426.619995,426.619995,46889400
2015-12-31,425.875000,432.920990,418.734985,430.566986,430.566986,45996600
2016-01-01,430.721008,436.246002,427.515015,434.334015,434.334015,36278900
2016-01-02,434.622009,436.062012,431.869995,433.437988,433.437988,30096600
2016-01-03,433.578003,433.743011,424.705994,430.010986,430.010986,39633800
2016-01-04,430.061005,434.516998,429.084015,433.091003,433.091003,38477500
2016-01-05,433.069000,434.182007,429.675995,431.959991,431.959991,34522600
2016-01-06,431.855988,431.855988,426.341003,429.105011,429.105011,34042500
2016-01-07,430.010986,458.765991,429.076996,458.048004,458.048004,87562200
2016-01-08,457.537994,462.933990,447.937988,453.230011,453.230011,56993000
2016-01-09,453.382996,454.640015,446.889008,447.610992,447.610992,32278000
2016-01-10,448.238007,448.308990,440.351013,447.990997,447.990997,35995900
2016-01-11,448.697998,450.661987,443.855011,448.428009,448.428009,40450000
2016-01-12,448.182007,448.182007,435.690002,435.690002,435.690002,115607000
2016-01-13,434.665009,435.186005,424.442993,432.371002,432.371002,173888000
2016-01-14,432.287994,433.324005,427.845001,430.306000,430.306000,43945500
2016-01-15,430.255005,430.255005,364.330994,364.330994,364.330994,153351008
2016-01-16,365.072998,390.557007,354.914001,387.536011,387.536011,120352000
2016-01-17,387.152008,390.964996,380.092010,382.299011,382.299011,45319600
2016-01-18,381.733002,388.104004,376.665009,387.167999,387.167999,54403900
2016-01-19,387.026001,387.730011,378.971985,380.148987,380.148987,46819800
2016-01-20,379.739990,425.266998,376.598999,420.230011,420.230011,121720000
2016-01-21,419.631989,422.877014,406.299988,410.261993,410.261993,68338000
2016-01-22,409.751007,410.410004,375.282013,382.492004,382.492004,91546600
2016-01-23,382.433990,394.542999,381.980988,387.490997,387.490997,56247400
2016-01-24,388.101990,405.484985,387.510010,402.971008,402.971008,54824800
2016-01-25,402.316986,402.316986,388.553986,391.726013,391.726013,59062400
2016-01-26,392.002014,397.765991,390.575012,392.153015,392.153015,58147000
2016-01-27,392.444000,396.842987,391.782013,394.971985,394.971985,47424400
2016-01-28,395.145996,395.502014,379.734985,380.289001,380.289001,59247900
2016-01-29,380.108002,384.378998,365.451996,379.473999,379.473999,86125296
2016-01-30,378.864990,380.916992,376.490997,378.255005,378.255005,30284400
2016-01-31,378.292999,380.346985,367.834991,368.766998,368.766998,37894300
2016-02-01,369.350006,378.071991,367.957001,373.056000,373.056000,51656700
2016-02-02,372.920013,375.882996,372.920013,374.447998,374.447998,40378700
2016-02-03,374.645996,374.950012,368.045013,369.949005,369.949005,45933400
2016-02-04,370.174011,391.608002,369.993011,389.593994,389.593994,69285504
2016-02-05,388.898010,391.093994,385.571991,386.549011,386.549011,43825000
2016-02-06,386.588989,386.631012,372.386993,376.522003,376.522003,49249300
2016-02-07,376.514008,380.871002,374.903015,376.619995,376.619995,37076300
2016-02-08,376.756989,379.878998,373.334015,373.446991,373.446991,47671100
2016-02-09,373.423004,377.246002,372.898010,376.028992,376.028992,55318500
2016-02-10,376.145996,385.483002,375.782990,381.648987,381.648987,85130896
2016-02-11,382.114014,383.130005,376.398987,379.653992,379.653992,74375600
2016-02-12,379.686005,384.954010,379.600006,384.263000,384.263000,67042800
2016-02-13,384.640991,391.859985,384.640991,391.859985,391.859985,61911700
2016-02-14,392.932007,407.230011,392.932007,407.230011,407.230011,74469800
2016-02-15,407.567993,410.381012,397.748993,400.184998,400.184998,74070496
2016-02-16,401.432007,408.945007,401.432007,407.488007,407.488007,73093104
2016-02-17,407.656006,421.166992,406.783997,416.321991,416.321991,83193600
2016-02-18,416.571991,425.996002,415.638000,422.372986,422.372986,76752600
2016-02-19,422.730011,423.104004,417.604004,420.785004,420.785004,55711300
2016-02-20,421.601013,441.984009,421.601013,437.164001,437.164001,93992096
2016-02-21,437.773010,448.045990,429.076996,438.798004,438.798004,89820704
2016-02-22,438.989014,439.045013,432.916992,437.747986,437.747986,85385200
2016-02-23,438.255005,439.858002,417.821014,420.735992,420.735992,85244896
2016-02-24,420.955994,425.549988,413.907013,424.954987,424.954987,67743696
2016-02-25,425.036987,427.718994,420.415009,424.544006,424.544006,70798000
2016-02-26,424.628998,432.152008,421.619995,432.152008,432.152008,61486000
2016-02-27,432.838989,434.230988,428.102997,432.519012,432.519012,41893600
2016-02-28,432.571014,435.683014,423.820007,433.503998,433.503998,53033400
2016-02-29,433.437988,441.506989,431.692993,437.696991,437.696991,60694700
2016-03-01,437.916992,439.653015,432.319000,435.122986,435.122986,74895800
2016-03-02,435.131012,435.916992,423.989014,423.989014,423.989014,74955296
2016-03-03,423.911987,425.372986,419.411011,421.651001,421.651001,100484000
2016-03-04,421.835999,425.178009,410.938995,410.938995,410.938995,90856096
2016-03-05,410.781006,411.256989,394.035004,400.570007,400.570007,135384992
2016-03-06,400.524994,411.907013,395.778015,407.707001,407.707001,91212496
2016-03-07,407.756989,415.916992,406.308990,414.321014,414.321014,85762400
2016-03-08,414.464996,416.243011,411.093994,413.971985,413.971985,70311696
2016-03-09,413.894012,416.032013,411.605988,414.859985,414.859985,70012304
2016-03-10,414.743988,417.511993,413.251007,417.131012,417.131012,81022896
2016-03-11,417.238007,423.925995,417.013000,421.690002,421.690002,73969696
2016-03-12,421.605011,421.795013,410.093994,411.623993,411.623993,92712896
2016-03-13,411.648010,416.604004,411.641998,414.065002,414.065002,74322800
2016-03-14,414.200989,416.683990,414.200989,416.437988,416.437988,95259400
2016-03-15,416.388000,418.131012,414.984985,416.829987,416.829987,66781700
2016-03-16,416.888000,417.686005,415.911987,417.010986,417.010986,65185800
2016-03-17,417.889008,420.997009,417.889008,420.621002,420.621002,83528600
2016-03-18,420.546997,420.546997,406.136993,409.548004,409.548004,104940000
2016-03-19,409.265015,410.984009,407.230011,410.444000,410.444000,58423000
2016-03-20,410.401001,414.625000,410.401001,413.755005,413.755005,45947900
2016-03-21,413.417999,413.417999,410.381012,413.307007,413.307007,61655400
2016-03-22,413.131989,418.375000,412.531006,418.088989,418.088989,66813300
2016-03-23,418.161011,419.268005,417.364014,418.040985,418.040985,61444200
2016-03-24,418.424011,418.679993,415.485992,416.394012,416.394012,68346704
2016-03-25,416.507996,418.079987,415.558014,417.177002,417.177002,52560000
2016-03-26,417.364990,418.987000,416.259003,417.945007,417.945007,44650400
2016-03-27,418.140015,428.796997,417.710999,426.765015,426.765015,71229400
2016-03-28,426.548004,426.856995,423.292999,424.230988,424.230988,68522800
2016-03-29,424.303986,426.203003,412.681000,416.515991,416.515991,75411504
2016-03-30,416.834015,416.834015,412.496002,414.816010,414.816010,66034100
2016-03-31,415.256989,418.368988,415.256989,416.729004,416.729004,60215200
2016-04-01,416.760010,418.173004,415.830994,417.959991,417.959991,51235700
2016-04-02,418.421997,422.080994,418.421997,420.872986,420.872986,45681200
2016-04-03,421.173004,421.579987,419.696991,420.903992,420.903992,38053700
2016-04-04,421.299011,422.342987,419.601013,421.444000,421.444000,50634300
2016-04-05,421.016998,424.256989,420.614014,424.029999,424.029999,60718000
2016-04-06,424.283997,424.527008,422.729004,423.412994,423.412994,59091000
2016-04-07,423.619995,423.657013,420.518005,422.744995,422.744995,57858600
2016-04-08,422.907013,425.360992,419.635010,420.348999,420.348999,63454700
2016-04-09,420.811005,420.890991,416.515015,419.411011,419.411011,49792700
2016-04-10,419.592010,422.434998,419.256989,421.563995,421.563995,73478600
2016-04-11,421.872009,422.739014,420.532990,422.483002,422.483002,50747500
2016-04-12,422.842987,427.277008,422.842987,425.190002,425.190002,70728800
2016-04-13,425.631989,426.657990,422.915985,423.734009,423.734009,69060400
2016-04-14,423.934998,425.371002,423.013000,424.282013,424.282013,45281000
2016-04-15,424.427002,429.928009,424.427002,429.713013,429.713013,54801500
2016-04-16,429.575012,432.625000,428.984009,430.571991,430.571991,39392800
2016-04-17,430.635986,431.371002,426.079010,427.398987,427.398987,52125900
2016-04-18,427.610992,429.273987,427.085999,428.591003,428.591003,55670900
2016-04-19,428.703003,436.019989,428.104004,435.509003,435.509003,52810500
2016-04-20,435.324005,443.053986,434.406006,441.389008,441.389008,72890096
2016-04-21,441.415985,450.548004,440.951996,449.424988,449.424988,68204704
2016-04-22,449.687988,449.809998,444.149994,445.737000,445.737000,58804400
2016-04-23,445.860992,450.282013,444.330994,450.282013,450.282013,50485400
2016-04-24,450.559998,460.145996,448.928009,458.554993,458.554993,68198400
2016-04-25,459.121002,466.619995,453.592010,461.425995,461.425995,87091800
2016-04-26,461.648010,467.964996,461.621002,466.088989,466.088989,78971904
2016-04-27,466.261993,467.079010,444.134003,444.687012,444.687012,93564896
2016-04-28,445.037994,449.550995,436.649994,449.010986,449.010986,74064704
2016-04-29,449.407990,455.384003,446.016998,455.096985,455.096985,49258500
2016-04-30,455.178009,455.587006,447.696991,448.317993,448.317993,69322600
2016-05-01,448.484009,452.479004,447.927002,451.875000,451.875000,40660100
2016-05-02,451.933014,452.445007,441.776001,444.669006,444.669006,92127000
2016-05-03,444.726990,451.096985,442.617004,450.303986,450.303986,59366400
2016-05-04,450.183014,450.377991,445.630005,446.721985,446.721985,50407300
2016-05-05,446.710999,448.506012,445.882996,447.976013,447.976013,50440800
2016-05-06,447.941986,461.375000,447.067993,459.602997,459.602997,72796800
2016-05-07,459.639008,460.674988,457.324005,458.536011,458.536011,38364500
2016-05-08,458.428986,459.416992,455.983002,458.548004,458.548004,40315000
2016-05-09,458.205994,462.480988,456.531006,460.483002,460.483002,55493100
2016-05-10,460.518005,461.928986,448.954010,450.894989,450.894989,58956100
2016-05-11,450.864014,454.575989,450.864014,452.727997,452.727997,50605200
2016-05-12,452.446991,454.949005,449.250000,454.765991,454.765991,59849300
2016-05-13,454.850006,457.054993,453.453003,455.670013,455.670013,60845000
2016-05-14,455.822998,456.835999,454.786011,455.670990,455.670990,37209000
2016-05-15,455.759003,458.691986,455.459015,457.567993,457.567993,28514000
2016-05-16,457.585999,458.200012,452.945007,454.162994,454.162994,59171500
2016-05-17,454.009003,455.071991,453.605011,453.782990,453.782990,64100300
2016-05-18,453.691010,455.997986,453.299011,454.618988,454.618988,86850096
2016-05-19,454.523987,454.632996,438.714996,438.714996,438.714996,96027400
2016-05-20,437.792999,444.053986,437.389008,442.675995,442.675995,81987904
2016-05-21,442.966003,443.778015,441.705994,443.187988,443.187988,42762300
2016-05-22,443.217987,443.427002,439.035004,439.322998,439.322998,39657600
2016-05-23,439.347992,444.345001,438.822998,444.154999,444.154999,50582500
2016-05-24,444.290985,447.100006,443.929993,445.980988,445.980988,65783100
2016-05-25,446.062012,450.298004,446.062012,449.598999,449.598999,65231000
2016-05-26,449.671997,453.644012,447.895996,453.384003,453.384003,65203800
2016-05-27,453.520996,478.148987,453.520996,473.463989,473.463989,164780992
2016-05-28,473.028992,533.473022,472.699005,530.039978,530.039978,181199008
2016-05-29,527.476990,553.960022,512.179016,526.232971,526.232971,148736992
2016-05-30,528.471008,544.348999,522.963013,533.864014,533.864014,87958704
2016-05-31,534.190979,546.617981,520.661987,531.385986,531.385986,138450000
2016-06-01,531.106995,543.080017,525.635986,536.919983,536.919983,86061800
2016-06-02,536.515015,540.351990,533.078003,537.971985,537.971985,60378200
2016-06-03,537.682007,574.638000,536.919983,569.193970,569.193970,122020000
2016-06-04,569.705017,590.132019,564.237976,572.726990,572.726990,94925296
2016-06-05,573.307983,582.807983,569.177979,574.976990,574.976990,68874096
2016-06-06,574.601990,586.469971,574.601990,585.536987,585.536987,72138896
2016-06-07,585.445007,590.258972,567.513977,576.596985,576.596985,107770000
2016-06-08,577.166992,582.838989,573.130005,581.645020,581.645020,80265800
2016-06-09,582.203003,582.203003,570.950989,574.630005,574.630005,71301000
2016-06-10,575.836975,579.127014,573.325012,577.469971,577.469971,66991900
2016-06-11,578.674011,607.116028,578.674011,606.726990,606.726990,82357000
2016-06-12,609.684021,684.843994,607.039001,672.783997,672.783997,277084992
2016-06-13,671.653992,716.004028,664.487000,704.375977,704.375977,243295008
2016-06-14,704.504028,704.504028,662.804016,685.559021,685.559021,186694000
2016-06-15,685.684998,696.302979,672.560974,694.468994,694.468994,99223800
2016-06-16,696.523010,773.721985,696.523010,766.307983,766.307983,271633984
2016-06-17,768.487000,775.356018,716.556030,748.908997,748.908997,363320992
2016-06-18,748.755981,777.989990,733.929016,756.226990,756.226990,252718000
2016-06-19,756.687988,766.620972,745.627991,763.781006,763.781006,136184992
2016-06-20,763.927002,764.083984,732.726990,737.226013,737.226013,174511008
2016-06-21,735.882996,735.882996,639.070007,666.651978,666.651978,309944000
2016-06-22,665.914978,678.669983,587.482971,596.116028,596.116028,266392992
2016-06-23,597.442993,629.327026,558.138977,623.976990,623.976990,253462000
2016-06-24,625.575012,681.726990,625.271973,665.299011,665.299011,224316992
2016-06-25,665.281006,691.731018,646.559021,665.122986,665.122986,126656000
2016-06-26,665.931030,665.979980,616.934021,629.367004,629.367004,109225000
2016-06-27,629.348999,655.275024,620.523987,655.275024,655.275024,122134000
2016-06-28,658.101990,659.247986,637.773010,647.000977,647.000977,138384992
2016-06-29,644.122009,644.682007,628.283997,639.890015,639.890015,142456000
2016-06-30,640.591003,675.403015,636.607971,673.336975,673.336975,138980000
2016-07-01,672.515015,686.153992,669.593994,676.296021,676.296021,134431008
2016-07-02,676.734009,703.702026,676.398987,703.702026,703.702026,112354000
2016-07-03,704.968018,704.968018,649.008972,658.664001,658.664001,129512000
2016-07-04,658.804016,683.661987,650.507996,683.661987,683.661987,92008400
2016-07-05,683.208984,683.491028,665.065979,670.627014,670.627014,130476000
2016-07-06,670.418030,681.898010,670.418030,677.330994,677.330994,134960992
2016-07-07,678.090027,682.432007,611.833984,640.562012,640.562012,258091008
2016-07-08,640.687988,666.706970,636.466980,666.523010,666.523010,141970000
2016-07-09,666.383972,666.383972,633.398987,650.960022,650.960022,180536000
2016-07-10,650.598999,652.294006,641.263977,649.359985,649.359985,102532000
2016-07-11,648.484009,659.629028,644.979980,647.658997,647.658997,107910000
2016-07-12,648.283020,675.258972,646.778992,664.551025,664.551025,138172992
2016-07-13,664.796997,668.700012,654.468018,654.468018,654.468018,131449000
2016-07-14,652.922974,662.901978,652.922974,658.078003,658.078003,98511400
2016-07-15,659.171021,667.077026,659.039978,663.255005,663.255005,81673104
2016-07-16,663.781006,666.460022,659.333984,660.767029,660.767029,50330200
2016-07-17,661.992981,682.364990,661.992981,679.458984,679.458984,74407904
2016-07-18,679.809021,681.554993,668.625000,673.106018,673.106018,69465000
2016-07-19,672.737976,673.276978,667.632019,672.864014,672.864014,61203300
2016-07-20,672.806030,672.929016,663.359985,665.684998,665.684998,94636400
2016-07-21,665.228027,666.218994,660.414978,665.012024,665.012024,60491800
2016-07-22,664.921997,666.583008,646.721985,650.619019,650.619019,134169000
2016-07-23,650.726013,656.366028,648.523987,655.556030,655.556030,69532200
2016-07-24,655.409973,663.109985,652.793030,661.284973,661.284973,118184000
2016-07-25,661.263000,661.828003,653.395020,654.096985,654.096985,78176496
2016-07-26,654.226013,656.224976,645.879028,651.783997,651.783997,225135008
2016-07-27,651.627014,657.455994,648.447021,654.351990,654.351990,147460992
2016-07-28,654.492004,657.594971,654.492004,655.034973,655.034973,86428400
2016-07-29,655.111023,657.796021,654.786011,656.992004,656.992004,60703500
2016-07-30,657.012024,658.223022,654.208984,655.046997,655.046997,38456100
2016-07-31,655.099976,655.284973,624.364990,624.681030,624.681030,110818000
2016-08-01,624.601990,626.119019,605.883972,606.271973,606.271973,121887000
2016-08-02,606.396973,612.848022,531.333984,547.465027,547.465027,330932992
2016-08-03,548.656006,573.359985,541.546997,566.354980,566.354980,207982000
2016-08-04,566.328979,579.495972,565.776978,578.289001,578.289001,125292000
2016-08-05,578.281006,578.281006,569.981995,575.043030,575.043030,66127900
2016-08-06,575.030029,588.395996,569.468994,587.778015,587.778015,80797296
2016-08-07,587.770996,597.513000,586.815979,592.690002,592.690002,82398400
2016-08-08,592.736023,592.994019,588.046997,591.054016,591.054016,61194100
2016-08-09,591.038025,591.091003,584.793030,587.801025,587.801025,92228096
2016-08-10,587.648010,599.984009,586.370972,592.103027,592.103027,102905000
2016-08-11,592.124023,597.541992,589.119995,589.119995,589.119995,74514400
2016-08-12,588.797974,589.909973,583.810974,587.559021,587.559021,69218000
2016-08-13,587.356995,589.773987,584.979004,585.588013,585.588013,43563000
2016-08-14,585.588989,585.666016,564.781006,570.473022,570.473022,60851100
2016-08-15,570.494019,573.580017,563.239990,567.239990,567.239990,57262300
2016-08-16,567.242981,581.737976,566.716003,577.439026,577.439026,58405200
2016-08-17,577.760986,580.893982,571.429993,573.216003,573.216003,54443000
2016-08-18,573.706970,577.791992,573.429993,574.317993,574.317993,59896600
2016-08-19,574.338989,578.237976,574.182007,575.630005,575.630005,50631600
2016-08-20,576.083984,582.817993,575.456970,581.697021,581.697021,45301400
2016-08-21,581.939026,584.158020,580.218018,581.307983,581.307983,38299400
2016-08-22,581.310974,588.447998,580.593994,586.752991,586.752991,72844000
2016-08-23,586.770996,589.473999,581.633972,583.414978,583.414978,85349200
2016-08-24,583.411987,583.590027,579.854980,580.182007,580.182007,56328200
2016-08-25,580.179993,580.450989,575.166992,577.760986,577.760986,136130000
2016-08-26,577.752991,580.622986,576.857971,579.651001,579.651001,48856800
2016-08-27,579.452026,579.844971,568.630005,569.947021,569.947021,59698300
2016-08-28,569.830017,574.038025,569.739990,573.911987,573.911987,86301600
2016-08-29,574.070984,576.278015,573.465027,574.106995,574.106995,110398000
2016-08-30,574.114014,578.356995,574.114014,577.502991,577.502991,70342400
2016-08-31,577.591003,577.861023,573.642029,575.471985,575.471985,75840896
2016-09-01,575.546021,576.310974,571.814026,572.302979,572.302979,76923400
2016-09-02,572.409973,575.643005,570.810974,575.536987,575.536987,79910800
2016-09-03,575.554993,599.500000,574.056030,598.211975,598.211975,159014000
2016-09-04,598.590027,611.836975,596.848022,608.633972,608.633972,97942896
2016-09-05,608.989990,609.054993,602.242004,606.590027,606.590027,82446800
2016-09-06,606.505981,610.830017,605.091003,610.435974,610.435974,78529104
2016-09-07,610.572998,614.544983,608.513000,614.544006,614.544006,75032400
2016-09-08,614.635010,628.770020,613.843994,626.315979,626.315979,86713000
2016-09-09,626.351990,626.830017,620.263000,622.861023,622.861023,64550200
2016-09-10,622.927002,625.094971,622.395020,623.508972,623.508972,45016800
2016-09-11,623.424011,628.817993,600.505981,606.718994,606.718994,73610800
2016-09-12,607.005005,608.458984,605.411011,608.242981,608.242981,72812304
2016-09-13,608.025024,611.192993,606.924988,609.241028,609.241028,86920600
2016-09-14,608.841003,611.952026,608.409973,610.684021,610.684021,47877700
2016-09-15,610.588013,611.085999,607.155029,607.155029,607.155029,59464600
2016-09-16,607.245972,609.260986,606.734985,606.973022,606.973022,64963400
2016-09-17,607.218018,607.859985,605.192017,605.984009,605.984009,37140300
2016-09-18,606.283020,610.158020,605.856018,609.874023,609.874023,48679400
2016-09-19,609.870972,610.932007,608.270020,609.226990,609.226990,54796400
2016-09-20,609.254028,609.525024,607.937988,608.312012,608.312012,72710896
2016-09-21,603.588013,603.588013,595.882996,597.148987,597.148987,82776200
2016-09-22,597.278992,598.487000,596.213013,596.297974,596.297974,67085300
2016-09-23,596.198975,603.205017,595.786011,602.841980,602.841980,51067000
2016-09-24,602.960999,604.580017,602.044983,602.625000,602.625000,35359500
2016-09-25,602.749023,603.380981,599.710999,600.825989,600.825989,33977800
2016-09-26,600.807007,608.143005,600.348999,608.043030,608.043030,59153800
2016-09-27,608.021973,608.247986,604.109985,606.166016,606.166016,49422400
2016-09-28,606.242981,606.590027,604.606995,604.728027,604.728027,48722600
2016-09-29,605.018982,606.823975,604.848022,605.692993,605.692993,55658600
2016-09-30,605.715027,609.734985,604.142029,609.734985,609.734985,56122400
2016-10-01,609.929016,615.237000,609.929016,613.982971,613.982971,56357000
2016-10-02,613.947998,614.005005,609.682007,610.892029,610.892029,39249800
2016-10-03,610.968018,612.567993,610.455017,612.132996,612.132996,46798300
2016-10-04,612.052002,612.054016,609.479004,610.203979,610.203979,49801600
2016-10-05,610.218018,613.814026,609.617004,612.510986,612.510986,68077504
2016-10-06,612.469971,613.818970,611.468994,613.020996,613.020996,56812100
2016-10-07,612.607971,617.911987,611.820984,617.120972,617.120972,64071400
2016-10-08,617.341003,619.848999,617.341003,619.107971,619.107971,42345900
2016-10-09,619.171997,619.197998,616.606995,616.752014,616.752014,39243400
2016-10-10,616.822021,621.317993,616.197021,618.994019,618.994019,67481104
2016-10-11,619.237976,642.080017,618.500000,641.072021,641.072021,103590000
2016-10-12,640.870972,641.336975,635.965027,636.192017,636.192017,92370200
2016-10-13,636.030029,638.833008,635.028992,636.786011,636.786011,61620700
2016-10-14,637.007996,641.284973,637.007996,640.377991,640.377991,58144600
2016-10-15,640.310974,642.101990,637.390015,638.645996,638.645996,39035400
2016-10-16,639.083008,642.898010,638.901001,641.630981,641.630981,40298100
2016-10-17,641.817993,642.328003,638.663025,639.192993,639.192993,58063600
2016-10-18,639.411011,640.736023,635.995972,637.960022,637.960022,65546700
2016-10-19,638.133972,638.874023,628.013000,630.520020,630.520020,69381696
2016-10-20,630.663025,631.916992,628.257996,630.856995,630.856995,56957300
2016-10-21,630.825012,634.093994,630.693970,632.828003,632.828003,55951000
2016-10-22,633.135986,658.197021,632.849976,657.294006,657.294006,78556496
2016-10-23,657.620972,661.129028,653.885986,657.070984,657.070984,54474600
2016-10-24,657.161011,657.252014,652.594971,653.760986,653.760986,62218200
2016-10-25,654.002014,664.424011,653.697998,657.588013,657.588013,90378800
2016-10-26,657.677979,679.728027,657.677979,678.304016,678.304016,88877104
2016-10-27,678.213989,688.593994,678.039978,688.312988,688.312988,96105296
2016-10-28,688.000000,690.443970,684.161987,689.651001,689.651001,81145504
2016-10-29,690.289001,720.401978,690.052002,714.479004,714.479004,134760992
2016-10-30,714.117981,714.117981,696.474976,701.864014,701.864014,100665000
2016-10-31,702.640015,709.289001,691.682007,700.971985,700.971985,97064400
2016-11-01,701.336975,736.452026,701.336975,729.793030,729.793030,130527000
2016-11-02,730.065979,740.828979,722.348999,740.828979,740.828979,84865200
2016-11-03,742.346008,745.773010,678.156006,688.700012,688.700012,172808000
2016-11-04,689.124023,706.929993,685.562988,703.234985,703.234985,99907696
2016-11-05,703.525024,707.510010,697.739014,703.418030,703.418030,53752300
2016-11-06,703.812012,714.257996,699.559998,711.521973,711.521973,59902200
2016-11-07,710.736023,710.736023,699.903015,703.130981,703.130981,65047100
2016-11-08,703.088989,712.987000,702.390015,709.848022,709.848022,79660800
2016-11-09,709.825012,740.046021,708.609985,723.273010,723.273010,132429000
2016-11-10,722.843994,723.018005,711.210022,715.533997,715.533997,68807800
2016-11-11,715.554993,718.317993,714.409973,716.411011,716.411011,63119700
2016-11-12,716.752014,717.148010,704.034973,705.054016,705.054016,64622500
2016-11-13,705.195984,705.257019,687.315002,702.031006,702.031006,80318096
2016-11-14,701.997009,706.283997,699.807983,705.020996,705.020996,62993000
2016-11-15,705.794006,715.718018,705.260010,711.619019,711.619019,72038496
2016-11-16,711.166992,747.614990,709.039001,744.197998,744.197998,141294000
2016-11-17,744.875977,755.645020,739.510986,740.976990,740.976990,108579000
2016-11-18,740.705017,752.882019,736.890015,751.585022,751.585022,87363104
2016-11-19,751.833008,756.237000,744.466980,751.616028,751.616028,110608000
2016-11-20,751.879028,755.479980,717.943970,731.026001,731.026001,154116000
2016-11-21,731.265015,741.721985,730.510010,739.247986,739.247986,60802400
2016-11-22,739.643005,753.869995,736.526978,751.346985,751.346985,129906000
2016-11-23,751.741028,752.250000,738.924011,744.593994,744.593994,76543800
2016-11-24,744.619995,746.831970,733.489990,740.289001,740.289001,85919296
2016-11-25,740.442017,741.648987,734.591003,741.648987,741.648987,67807600
2016-11-26,741.510986,742.213989,729.625000,735.382019,735.382019,54962700
2016-11-27,735.437012,739.018005,731.085022,732.034973,732.034973,52601800
2016-11-28,732.484009,738.005981,732.484009,735.812988,735.812988,61888600
2016-11-29,736.328979,737.471008,734.559021,735.604004,735.604004,68511104
2016-11-30,736.283997,747.929016,736.265015,745.690979,745.690979,84070800
2016-12-01,746.046021,758.275024,746.046021,756.773987,756.773987,80461904
2016-12-02,757.544983,781.296021,757.544983,777.943970,777.943970,127605000
2016-12-03,778.247986,778.247986,764.856018,771.155029,771.155029,69547296
2016-12-04,771.638000,773.872009,768.161011,773.872009,773.872009,60557900
2016-12-05,773.393982,773.468018,751.713013,758.700012,758.700012,106363000
2016-12-06,758.719971,765.622009,758.719971,764.223999,764.223999,116218000
2016-12-07,764.210999,771.543030,759.750000,768.132019,768.132019,96426096
2016-12-08,768.075989,774.697998,765.945984,770.809998,770.809998,80111904
2016-12-09,769.943970,774.528015,769.648987,772.794006,772.794006,68705296
2016-12-10,773.023010,777.091980,772.909973,774.650024,774.650024,53843100
2016-12-11,774.752014,774.797974,765.411987,769.731018,769.731018,57313400
2016-12-12,770.039978,781.921997,770.039978,780.086975,780.086975,76571000
2016-12-13,780.646973,788.460022,777.961975,780.556030,780.556030,81645600
2016-12-14,780.005005,782.033997,776.838989,781.481018,781.481018,75979000
2016-12-15,780.070007,781.434998,777.802002,778.088013,778.088013,81580096
2016-12-16,778.963013,785.031982,778.963013,784.906982,784.906982,83608200
2016-12-17,785.166016,792.508972,784.864014,790.828979,790.828979,78989800
2016-12-18,791.007996,794.737000,788.026001,790.530029,790.530029,60524400
2016-12-19,790.692017,793.611023,790.320007,792.713989,792.713989,74886400
2016-12-20,792.247009,801.336975,791.497009,800.875977,800.875977,99629296
2016-12-21,800.643982,834.281006,799.405029,834.281006,834.281006,155576000
2016-12-22,834.179993,875.781982,834.148987,864.539978,864.539978,200027008
2016-12-23,864.888000,925.117004,864.677002,921.984009,921.984009,275564000
2016-12-24,922.179993,923.479004,886.335022,898.822021,898.822021,137727008
2016-12-25,899.651978,899.651978,862.424011,896.182983,896.182983,143664992
2016-12-26,896.905029,913.184021,896.898010,907.609985,907.609985,123771000
2016-12-27,908.354004,940.047974,904.255005,933.197998,933.197998,167308000
2016-12-28,934.830994,975.921021,934.830994,975.921021,975.921021,236630000
2016-12-29,975.125000,979.396973,954.502991,973.497009,973.497009,199320000
2016-12-30,972.534973,972.534973,934.833008,961.237976,961.237976,187474000
2016-12-31,960.627014,963.742981,947.236023,963.742981,963.742981,99135104
2017-01-01,963.658020,1003.080017,958.698975,998.325012,998.325012,147775008
2017-01-02,998.617004,1031.390015,996.702026,1021.750000,1021.750000,222184992
2017-01-03,1021.599976,1044.079956,1021.599976,1043.839966,1043.839966,185168000
2017-01-04,1044.400024,1159.420044,1044.400024,1154.729980,1154.729980,344945984
2017-01-05,1156.729980,1191.099976,910.416992,1013.380005,1013.380005,510199008
2017-01-06,1014.239990,1046.810059,883.943970,902.200989,902.200989,351876000
2017-01-07,903.487000,908.585022,823.556030,908.585022,908.585022,279550016
2017-01-08,908.174988,942.723999,887.249023,911.198975,911.198975,158715008
2017-01-09,913.244019,913.685974,879.807007,902.828003,902.828003,141876992
2017-01-10,902.440002,914.872986,901.059998,907.679016,907.679016,115808000
2017-01-11,908.114990,919.447998,762.765015,777.757019,777.757019,310928992
2017-01-12,775.177979,826.245972,755.755981,804.833984,804.833984,222326000
2017-01-13,803.737000,829.000977,780.002991,823.984009,823.984009,168968000
2017-01-14,825.142029,835.085022,812.455994,818.411987,818.411987,93063296
2017-01-15,818.142029,823.307007,812.870972,821.797974,821.797974,71013600
2017-01-16,821.783020,834.530029,820.270996,831.533997,831.533997,82755200
2017-01-17,830.945984,910.560974,830.796021,907.937988,907.937988,155095008
2017-01-18,909.372986,917.499023,858.304016,886.617981,886.617981,225676992
2017-01-19,888.335022,904.614014,884.338013,899.072998,899.072998,105625000
2017-01-20,898.171997,899.398010,887.007996,895.026001,895.026001,86728400
2017-01-21,895.549011,927.367004,895.534973,921.789001,921.789001,111158000
2017-01-22,922.205017,937.525024,897.564026,924.672974,924.672974,116573000
2017-01-23,925.499023,928.265991,916.737976,921.012024,921.012024,73588600
2017-01-24,910.677002,924.145020,892.286011,892.687012,892.687012,111349000
2017-01-25,891.924011,903.252014,891.687012,901.541992,901.541992,120831000
2017-01-26,902.395020,919.325989,902.223999,917.585999,917.585999,131958000
2017-01-27,918.359009,923.223022,915.846008,919.750000,919.750000,125594000
2017-01-28,919.810974,923.911011,919.810974,921.590027,921.590027,68979600
2017-01-29,922.067017,923.418030,919.148010,919.495972,919.495972,60851700
2017-01-30,920.151001,923.047974,919.473999,920.382019,920.382019,78227296
2017-01-31,920.958984,972.018982,920.958984,970.403015,970.403015,164582000
2017-02-01,970.940979,989.114014,970.742004,989.023010,989.023010,150110000
2017-02-02,990.000977,1013.520020,983.221008,1011.799988,1011.799988,145820992
2017-02-03,1011.460022,1033.869995,1008.789978,1029.910034,1029.910034,201278000
2017-02-04,1031.329956,1045.900024,1015.159973,1042.900024,1042.900024,155064000
2017-02-05,1043.520020,1043.630005,1022.369995,1027.339966,1027.339966,114208000
2017-02-06,1028.400024,1044.640015,1028.160034,1038.150024,1038.150024,111762000
2017-02-07,1040.140015,1061.930054,1040.140015,1061.349976,1061.349976,146007008
2017-02-08,1062.319946,1078.969971,1037.489990,1063.069946,1063.069946,201855008
2017-02-09,1064.699951,1088.989990,953.343994,994.382996,994.382996,407220000
2017-02-10,995.632019,998.905029,946.690979,988.674011,988.674011,190452000
2017-02-11,988.898010,1009.289978,982.830017,1004.450012,1004.450012,102261000
2017-02-12,1003.520020,1004.760010,996.921021,999.181030,999.181030,67530000
2017-02-13,998.885010,1002.099976,976.002014,990.642029,990.642029,100607000
2017-02-14,991.734985,1011.510010,986.471008,1004.549988,1004.549988,137946000
2017-02-15,1006.210022,1008.840027,1001.580017,1007.479980,1007.479980,89759400
2017-02-16,1007.650024,1033.369995,1007.650024,1027.439941,1027.439941,122277000
2017-02-17,1026.119995,1053.170044,1025.640015,1046.209961,1046.209961,136474000
2017-02-18,1049.209961,1061.099976,1046.959961,1054.420044,1054.420044,99073504
2017-02-19,1054.760010,1056.810059,1043.459961,1047.869995,1047.869995,77423296
2017-02-20,1048.689941,1080.489990,1041.689941,1079.979980,1079.979980,109478000
2017-02-21,1079.280029,1117.250000,1076.930054,1115.300049,1115.300049,186868992
2017-02-22,1114.800049,1125.390015,1100.550049,1117.439941,1117.439941,136100000
2017-02-23,1117.270020,1176.619995,1116.959961,1166.719971,1166.719971,189454000
2017-02-24,1172.709961,1200.390015,1131.959961,1173.680054,1173.680054,330759008
2017-02-25,1170.410034,1174.849976,1124.589966,1143.839966,1143.839966,139960992
2017-02-26,1144.270020,1167.469971,1130.199951,1165.199951,1165.199951,116486000
2017-02-27,1163.780029,1181.979980,1163.380005,1179.969971,1179.969971,131570000
2017-02-28,1180.719971,1193.250000,1171.819946,1179.969971,1179.969971,184956000
2017-03-01,1180.040039,1222.500000,1179.689941,1222.500000,1222.500000,229056992
2017-03-02,1224.680054,1262.130005,1215.619995,1251.010010,1251.010010,368275008
2017-03-03,1250.709961,1280.310059,1250.709961,1274.989990,1274.989990,315739008
2017-03-04,1277.430054,1279.400024,1230.510010,1255.150024,1255.150024,183270000
2017-03-05,1254.290039,1267.290039,1238.060059,1267.119995,1267.119995,134127000
2017-03-06,1267.469971,1276.000000,1264.599976,1272.829956,1272.829956,153656992
2017-03-07,1273.209961,1275.550049,1204.800049,1223.540039,1223.540039,291256000
2017-03-08,1223.229980,1232.160034,1148.079956,1150.000000,1150.000000,332603008
2017-03-09,1150.349976,1197.459961,1141.229980,1188.489990,1188.489990,212283008
2017-03-10,1189.359985,1270.469971,1077.250000,1116.719971,1116.719971,563795968
2017-03-11,1116.319946,1193.829956,1116.319946,1175.829956,1175.829956,283320000
2017-03-12,1176.619995,1226.979980,1175.359985,1221.380005,1221.380005,227176000
2017-03-13,1221.780029,1237.369995,1217.030029,1231.920044,1231.920044,380276992
2017-03-14,1232.160034,1244.810059,1220.719971,1240.000000,1240.000000,245306000
2017-03-15,1240.160034,1251.609985,1239.750000,1249.609985,1249.609985,297804992
2017-03-16,1251.329956,1257.979980,1152.439941,1187.810059,1187.810059,638568000
2017-03-17,1180.160034,1180.160034,1099.569946,1100.229980,1100.229980,706598976
2017-03-18,1099.689941,1114.069946,957.655029,973.817993,973.817993,621302016
2017-03-19,976.729980,1069.910034,976.729980,1036.739990,1036.739990,406648000
2017-03-20,1037.239990,1063.030029,1036.680054,1054.229980,1054.229980,286529984
2017-03-21,1055.359985,1122.430054,1055.359985,1120.540039,1120.540039,337391008
2017-03-22,1120.650024,1120.650024,1014.210022,1049.140015,1049.140015,380840992
2017-03-23,1050.050049,1058.010010,1028.930054,1038.589966,1038.589966,248540000
2017-03-24,1038.449951,1040.469971,934.357971,937.520020,937.520020,491038016
2017-03-25,936.539978,975.760986,903.713013,972.778992,972.778992,435803008
2017-03-26,974.015015,1007.960022,954.185974,966.724976,966.724976,303668000
2017-03-27,972.054993,1046.400024,971.984009,1045.770020,1045.770020,372535008
2017-03-28,1044.579956,1064.650024,1027.729980,1047.150024,1047.150024,326332000
2017-03-29,1046.079956,1055.130005,1015.880005,1039.969971,1039.969971,298457984
2017-03-30,1042.209961,1049.290039,1020.039978,1026.430054,1026.430054,352968992
2017-03-31,1026.640015,1074.920044,1026.640015,1071.790039,1071.790039,447287008
2017-04-01,1071.709961,1091.719971,1061.089966,1080.500000,1080.500000,289633984
2017-04-02,1080.609985,1107.589966,1075.449951,1102.170044,1102.170044,514187008
2017-04-03,1102.949951,1151.739990,1102.949951,1143.810059,1143.810059,580444032
2017-04-04,1145.520020,1156.439941,1120.520020,1133.250000,1133.250000,436310016
2017-04-05,1134.140015,1135.089966,1113.630005,1124.780029,1124.780029,414784000
2017-04-06,1125.810059,1188.369995,1125.810059,1182.680054,1182.680054,511222016
2017-04-07,1178.939941,1186.579956,1163.390015,1176.900024,1176.900024,317022016
2017-04-08,1172.650024,1184.979980,1162.579956,1175.949951,1175.949951,209312000
2017-04-09,1176.569946,1197.209961,1171.859985,1187.869995,1187.869995,242343008
2017-04-10,1187.300049,1190.339966,1179.040039,1187.130005,1187.130005,215883008
2017-04-11,1187.459961,1208.069946,1187.459961,1205.010010,1205.010010,216182000
2017-04-12,1204.810059,1207.140015,1196.760010,1200.369995,1200.369995,288702016
2017-04-13,1201.020020,1205.890015,1156.439941,1169.280029,1169.280029,351968992
2017-04-14,1170.329956,1190.800049,1159.790039,1167.540039,1167.540039,254827008
2017-04-15,1167.300049,1188.000000,1164.959961,1172.520020,1172.520020,203559008
2017-04-16,1172.609985,1187.219971,1172.609985,1182.939941,1182.939941,183231008
2017-04-17,1183.250000,1194.900024,1172.650024,1193.910034,1193.910034,253206000
2017-04-18,1193.770020,1217.569946,1193.770020,1211.670044,1211.670044,270524000
2017-04-19,1212.130005,1215.510010,1205.079956,1210.290039,1210.290039,288060992
2017-04-20,1211.079956,1240.790039,1208.410034,1229.079956,1229.079956,315108000
2017-04-21,1229.420044,1235.939941,1215.560059,1222.050049,1222.050049,272167008
2017-04-22,1222.709961,1235.560059,1208.469971,1231.709961,1231.709961,249320000
2017-04-23,1231.920044,1232.199951,1203.939941,1207.209961,1207.209961,258951008
2017-04-24,1209.630005,1250.939941,1209.630005,1250.150024,1250.150024,235806000
2017-04-25,1250.449951,1267.579956,1249.969971,1265.489990,1265.489990,242556000
2017-04-26,1265.989990,1294.829956,1265.930054,1281.079956,1281.079956,329631008
2017-04-27,1281.880005,1319.699951,1281.300049,1317.729980,1317.729980,449196992
2017-04-28,1317.739990,1331.280029,1292.369995,1316.479980,1316.479980,527488992
2017-04-29,1317.839966,1327.199951,1315.209961,1321.790039,1321.790039,422705984
2017-04-30,1321.869995,1347.910034,1314.920044,1347.890015,1347.890015,413115008
2017-05-01,1348.300049,1434.319946,1348.300049,1421.599976,1421.599976,713624000
2017-05-02,1421.030029,1473.900024,1415.689941,1452.819946,1452.819946,477337984
2017-05-03,1453.780029,1492.770020,1447.489990,1490.089966,1490.089966,583795968
2017-05-04,1490.719971,1608.910034,1490.719971,1537.670044,1537.670044,933548992
2017-05-05,1540.869995,1618.030029,1530.310059,1555.449951,1555.449951,946035968
2017-05-06,1556.810059,1578.800049,1542.500000,1578.800049,1578.800049,582529984
2017-05-07,1579.469971,1596.719971,1559.760010,1596.709961,1596.709961,1080029952
2017-05-08,1596.920044,1723.349976,1596.920044,1723.349976,1723.349976,1340320000
2017-05-09,1723.890015,1833.489990,1716.300049,1755.359985,1755.359985,1167920000
2017-05-10,1756.520020,1788.439941,1719.099976,1787.130005,1787.130005,915723008
2017-05-11,1780.369995,1873.930054,1755.349976,1848.569946,1848.569946,799489984
2017-05-12,1845.760010,1856.150024,1694.010010,1724.239990,1724.239990,740984000
2017-05-13,1723.119995,1812.989990,1651.079956,1804.910034,1804.910034,579635008
2017-05-14,1800.859985,1831.420044,1776.619995,1808.910034,1808.910034,437196000
2017-05-15,1808.439941,1812.800049,1708.540039,1738.430054,1738.430054,731529024
2017-05-16,1741.699951,1785.939941,1686.540039,1734.449951,1734.449951,959044992
2017-05-17,1726.729980,1864.050049,1661.910034,1839.089966,1839.089966,1064729984
2017-05-18,1818.699951,1904.479980,1807.119995,1888.650024,1888.650024,894321024
2017-05-19,1897.369995,2004.520020,1890.250000,1987.709961,1987.709961,1157289984
2017-05-20,1984.239990,2084.729980,1974.920044,2084.729980,2084.729980,961336000
2017-05-21,2067.030029,2119.080078,2037.500000,2041.199951,2041.199951,1147859968
2017-05-22,2043.189941,2303.899902,2017.869995,2173.399902,2173.399902,1942220032
2017-05-23,2191.560059,2320.820068,2178.500000,2320.419922,2320.419922,1378749952
2017-05-24,2321.370117,2523.719971,2321.370117,2443.639893,2443.639893,1725379968
2017-05-25,2446.239990,2763.709961,2285.300049,2304.979980,2304.979980,2406700032
2017-05-26,2320.889893,2573.790039,2071.989990,2202.419922,2202.419922,1763480064
2017-05-27,2196.270020,2260.199951,1855.829956,2038.869995,2038.869995,1700480000
2017-05-28,2054.080078,2267.340088,2054.080078,2155.800049,2155.800049,1147139968
2017-05-29,2159.429932,2307.050049,2107.169922,2255.610107,2255.610107,994625024
2017-05-30,2255.360107,2301.959961,2124.570068,2175.469971,2175.469971,1443970048
2017-05-31,2187.189941,2311.080078,2145.570068,2286.409912,2286.409912,1544829952
2017-06-01,2288.330078,2448.389893,2288.330078,2407.879883,2407.879883,1653180032
2017-06-02,2404.030029,2488.550049,2373.320068,2488.550049,2488.550049,1317030016
2017-06-03,2493.719971,2581.909912,2423.570068,2515.350098,2515.350098,1514950016
2017-06-04,2547.790039,2585.889893,2452.540039,2511.810059,2511.810059,1355120000
2017-06-05,2512.399902,2686.810059,2510.219971,2686.810059,2686.810059,1369309952
2017-06-06,2690.840088,2999.909912,2690.840088,2863.199951,2863.199951,2089609984
2017-06-07,2869.379883,2869.379883,2700.560059,2732.159912,2732.159912,1517709952
2017-06-08,2720.489990,2815.300049,2670.949951,2805.620117,2805.620117,1281170048
2017-06-09,2807.439941,2901.709961,2795.620117,2823.810059,2823.810059,1348950016
2017-06-10,2828.139893,2950.989990,2746.550049,2947.709961,2947.709961,2018889984
2017-06-11,2942.409912,2996.600098,2840.530029,2958.110107,2958.110107,1752400000
2017-06-12,2953.219971,2997.260010,2518.560059,2659.629883,2659.629883,2569530112
2017-06-13,2680.909912,2789.040039,2650.379883,2717.020020,2717.020020,1781200000
2017-06-14,2716.879883,2786.830078,2412.939941,2506.370117,2506.370117,1696560000
2017-06-15,2499.580078,2534.709961,2212.959961,2464.580078,2464.580078,2026259968
2017-06-16,2469.570068,2539.919922,2385.149902,2518.560059,2518.560059,1195190016
2017-06-17,2514.010010,2685.189941,2484.959961,2655.879883,2655.879883,1534509952
2017-06-18,2655.350098,2662.100098,2516.330078,2548.290039,2548.290039,1178659968
2017-06-19,2549.030029,2662.850098,2549.030029,2589.600098,2589.600098,1446840064
2017-06-20,2591.260010,2763.449951,2589.820068,2721.790039,2721.790039,1854189952
2017-06-21,2709.429932,2772.010010,2660.399902,2689.100098,2689.100098,1626579968
2017-06-22,2691.030029,2723.739990,2642.360107,2705.409912,2705.409912,1097939968
2017-06-23,2707.340088,2765.169922,2706.370117,2744.909912,2744.909912,961318976
2017-06-24,2738.520020,2757.939941,2583.189941,2608.719971,2608.719971,982750016
2017-06-25,2607.250000,2682.260010,2552.120117,2589.409912,2589.409912,1161100032
2017-06-26,2590.570068,2615.250000,2376.290039,2478.449951,2478.449951,1663280000
2017-06-27,2478.449951,2552.449951,2332.989990,2552.449951,2552.449951,1489789952
2017-06-28,2553.030029,2603.979980,2484.419922,2574.790039,2574.790039,1183869952
2017-06-29,2567.560059,2588.830078,2510.479980,2539.320068,2539.320068,949979008
2017-06-30,2539.239990,2559.250000,2478.429932,2480.840088,2480.840088,860273024
2017-07-01,2492.600098,2515.270020,2419.229980,2434.550049,2434.550049,779913984
2017-07-02,2436.399902,2514.280029,2394.840088,2506.469971,2506.469971,803747008
2017-07-03,2498.560059,2595.000000,2480.469971,2564.060059,2564.060059,964112000
2017-07-04,2561.000000,2631.590088,2559.350098,2601.639893,2601.639893,985516032
2017-07-05,2602.870117,2622.649902,2538.550049,2601.989990,2601.989990,941566016
2017-07-06,2608.100098,2616.719971,2581.689941,2608.560059,2608.560059,761956992
2017-07-07,2608.590088,2916.139893,2498.870117,2518.659912,2518.659912,917411968
2017-07-08,2520.270020,2571.340088,2492.310059,2571.340088,2571.340088,733329984
2017-07-09,2572.610107,2635.489990,2517.590088,2518.439941,2518.439941,527856000
2017-07-10,2525.250000,2537.159912,2321.129883,2372.560059,2372.560059,1111200000
2017-07-11,2385.889893,2413.469971,2296.810059,2337.790039,2337.790039,1329760000
2017-07-12,2332.770020,2423.709961,2275.139893,2398.840088,2398.840088,1117410048
2017-07-13,2402.699951,2425.219971,2340.830078,2357.899902,2357.899902,835769984
2017-07-14,2360.590088,2363.250000,2183.219971,2233.340088,2233.340088,882502976
2017-07-15,2230.120117,2231.139893,1990.410034,1998.859985,1998.859985,993608000
2017-07-16,1991.979980,2058.770020,1843.030029,1929.819946,1929.819946,1182870016
2017-07-17,1932.619995,2230.489990,1932.619995,2228.409912,2228.409912,1201760000
2017-07-18,2233.520020,2387.610107,2164.770020,2318.879883,2318.879883,1512450048
2017-07-19,2323.080078,2397.169922,2260.229980,2273.429932,2273.429932,1245100032
2017-07-20,2269.889893,2900.699951,2269.889893,2817.600098,2817.600098,2249260032
2017-07-21,2838.409912,2838.409912,2621.850098,2667.760010,2667.760010,1489449984
2017-07-22,2668.629883,2862.419922,2657.709961,2810.120117,2810.120117,1177129984
2017-07-23,2808.100098,2832.179932,2653.939941,2730.399902,2730.399902,1072840000
2017-07-24,2732.699951,2777.260010,2699.189941,2754.860107,2754.860107,866473984
2017-07-25,2757.500000,2768.080078,2480.959961,2576.479980,2576.479980,1460089984
2017-07-26,2577.770020,2610.760010,2450.800049,2529.449951,2529.449951,937404032
2017-07-27,2538.709961,2693.320068,2529.340088,2671.780029,2671.780029,789104000
2017-07-28,2679.729980,2897.449951,2679.729980,2809.010010,2809.010010,1380099968
2017-07-29,2807.020020,2808.760010,2692.800049,2726.449951,2726.449951,803745984
2017-07-30,2724.389893,2758.530029,2644.850098,2757.179932,2757.179932,705942976
2017-07-31,2763.239990,2889.620117,2720.610107,2875.340088,2875.340088,860574976
2017-08-01,2871.300049,2921.350098,2685.610107,2718.260010,2718.260010,1324669952
2017-08-02,2727.129883,2762.530029,2668.590088,2710.669922,2710.669922,1094950016
2017-08-03,2709.560059,2813.310059,2685.139893,2804.729980,2804.729980,804796992
2017-08-04,2806.929932,2899.330078,2743.719971,2895.889893,2895.889893,1002120000
2017-08-05,2897.629883,3290.010010,2874.830078,3252.909912,3252.909912,1945699968
2017-08-06,3257.610107,3293.290039,3155.600098,3213.939941,3213.939941,1105030016
2017-08-07,3212.780029,3397.679932,3180.889893,3378.939941,3378.939941,1482279936
2017-08-08,3370.219971,3484.850098,3345.830078,3419.939941,3419.939941,1752760064
2017-08-09,3420.399902,3422.760010,3247.669922,3342.469971,3342.469971,1468960000
2017-08-10,3341.840088,3453.449951,3319.469971,3381.280029,3381.280029,1515110016
2017-08-11,3373.820068,3679.719971,3372.120117,3650.620117,3650.620117,2021190016
2017-08-12,3650.629883,3949.919922,3613.699951,3884.709961,3884.709961,2219589888
2017-08-13,3880.040039,4208.390137,3857.800049,4073.260010,4073.260010,3159089920
2017-08-14,4066.100098,4325.129883,3989.159912,4325.129883,4325.129883,2463089920
2017-08-15,4326.990234,4455.970215,3906.179932,4181.930176,4181.930176,3258050048
2017-08-16,4200.339844,4381.229980,3994.419922,4376.629883,4376.629883,2272039936
2017-08-17,4384.439941,4484.700195,4243.709961,4331.689941,4331.689941,2553359872
2017-08-18,4324.339844,4370.129883,4015.399902,4160.620117,4160.620117,2941710080
2017-08-19,4137.750000,4243.259766,3970.550049,4193.700195,4193.700195,2975820032
2017-08-20,4189.310059,4196.290039,4069.879883,4087.659912,4087.659912,2109769984
2017-08-21,4090.479980,4109.140137,3988.600098,4001.739990,4001.739990,2800890112
2017-08-22,3998.350098,4128.759766,3674.580078,4100.520020,4100.520020,3764239872
2017-08-23,4089.010010,4255.779785,4078.409912,4151.520020,4151.520020,2369819904
2017-08-24,4137.600098,4376.390137,4130.259766,4334.680176,4334.680176,2037750016
2017-08-25,4332.819824,4455.700195,4307.350098,4371.600098,4371.600098,1727970048
2017-08-26,4372.060059,4379.279785,4269.520020,4352.399902,4352.399902,1511609984
2017-08-27,4345.100098,4416.589844,4317.290039,4382.879883,4382.879883,1537459968
2017-08-28,4384.450195,4403.930176,4224.640137,4382.660156,4382.660156,1959330048
2017-08-29,4389.209961,4625.680176,4352.129883,4579.020020,4579.020020,2486080000
2017-08-30,4570.359863,4626.520020,4471.410156,4565.299805,4565.299805,1937849984
2017-08-31,4555.589844,4736.049805,4549.399902,4703.390137,4703.390137,1944930048
2017-09-01,4701.759766,4892.009766,4678.529785,4892.009766,4892.009766,2599079936
2017-09-02,4901.419922,4975.040039,4469.240234,4578.770020,4578.770020,2722139904
2017-09-03,4585.270020,4714.080078,4417.589844,4582.959961,4582.959961,1933190016
2017-09-04,4591.629883,4591.629883,4108.399902,4236.310059,4236.310059,2987330048
2017-09-05,4228.290039,4427.839844,3998.110107,4376.529785,4376.529785,2697969920
2017-09-06,4376.589844,4617.250000,4376.589844,4597.120117,4597.120117,2172100096
2017-09-07,4589.140137,4655.040039,4491.330078,4599.879883,4599.879883,1844620032
2017-09-08,4605.160156,4661.000000,4075.179932,4228.750000,4228.750000,2700890112
2017-09-09,4229.810059,4308.819824,4114.109863,4226.060059,4226.060059,1386230016
2017-09-10,4229.339844,4245.439941,3951.040039,4122.939941,4122.939941,1679090048
2017-09-11,4122.470215,4261.669922,4099.399902,4161.270020,4161.270020,1557330048
2017-09-12,4168.879883,4344.649902,4085.219971,4130.810059,4130.810059,1864530048
2017-09-13,4131.979980,4131.979980,3789.919922,3882.590088,3882.590088,2219409920
2017-09-14,3875.370117,3920.600098,3153.860107,3154.949951,3154.949951,2716310016
2017-09-15,3166.300049,3733.449951,2946.620117,3637.520020,3637.520020,4148069888
2017-09-16,3637.750000,3808.840088,3487.790039,3625.040039,3625.040039,1818400000
2017-09-17,3606.280029,3664.810059,3445.639893,3582.879883,3582.879883,1239149952
2017-09-18,3591.090088,4079.229980,3591.090088,4065.199951,4065.199951,1943209984
2017-09-19,4073.790039,4094.070068,3868.870117,3924.969971,3924.969971,1563980032
2017-09-20,3916.360107,4031.389893,3857.729980,3905.949951,3905.949951,1213830016
2017-09-21,3901.469971,3916.419922,3613.629883,3631.040039,3631.040039,1411480064
2017-09-22,3628.020020,3758.270020,3553.530029,3630.699951,3630.699951,1194829952
2017-09-23,3629.919922,3819.209961,3594.580078,3792.399902,3792.399902,928113984
2017-09-24,3796.149902,3796.149902,3666.899902,3682.840088,3682.840088,768014976
2017-09-25,3681.580078,3950.250000,3681.580078,3926.070068,3926.070068,1374210048
2017-09-26,3928.409912,3969.889893,3869.899902,3892.350098,3892.350098,1043740032
2017-09-27,3892.939941,4210.049805,3884.820068,4200.669922,4200.669922,1686880000
2017-09-28,4197.129883,4279.310059,4109.700195,4174.729980,4174.729980,1712320000
2017-09-29,4171.620117,4214.629883,4039.290039,4163.069824,4163.069824,1367049984
2017-09-30,4166.109863,4358.430176,4160.859863,4338.709961,4338.709961,1207449984
2017-10-01,4341.049805,4403.740234,4269.810059,4403.740234,4403.740234,1208210048
2017-10-02,4395.810059,4470.229980,4377.459961,4409.319824,4409.319824,1431730048
2017-10-03,4408.459961,4432.470215,4258.890137,4317.479980,4317.479980,1288019968
2017-10-04,4319.370117,4352.310059,4210.419922,4229.359863,4229.359863,1116770048
2017-10-05,4229.879883,4362.640137,4164.049805,4328.410156,4328.410156,1161769984
2017-10-06,4324.459961,4413.270020,4320.529785,4370.810059,4370.810059,1069939968
2017-10-07,4369.350098,4443.879883,4321.049805,4426.890137,4426.890137,906928000
2017-10-08,4429.669922,4624.140137,4405.640137,4610.479980,4610.479980,1313869952
2017-10-09,4614.520020,4878.709961,4564.250000,4772.020020,4772.020020,1968739968
2017-10-10,4776.209961,4922.169922,4765.100098,4781.990234,4781.990234,1597139968
2017-10-11,4789.250000,4873.729980,4751.629883,4826.479980,4826.479980,1222279936
2017-10-12,4829.580078,5446.910156,4822.000000,5446.910156,5446.910156,2791610112
2017-10-13,5464.160156,5840.299805,5436.850098,5647.209961,5647.209961,3615480064
2017-10-14,5643.529785,5837.700195,5591.640137,5831.790039,5831.790039,1669030016
2017-10-15,5835.959961,5852.479980,5478.609863,5678.189941,5678.189941,1976039936
2017-10-16,5687.569824,5776.229980,5544.209961,5725.589844,5725.589844,2008070016
2017-10-17,5741.580078,5800.350098,5472.720215,5605.509766,5605.509766,1821570048
2017-10-18,5603.819824,5603.819824,5151.439941,5590.689941,5590.689941,2399269888
2017-10-19,5583.740234,5744.350098,5531.060059,5708.520020,5708.520020,1780540032
2017-10-20,5708.109863,6060.109863,5627.229980,6011.450195,6011.450195,2354429952
2017-10-21,5996.790039,6194.879883,5965.069824,6031.600098,6031.600098,2207099904
2017-10-22,6036.660156,6076.259766,5792.339844,6008.419922,6008.419922,2034630016
2017-10-23,6006.000000,6075.589844,5732.470215,5930.319824,5930.319824,2401840128
2017-10-24,5935.520020,5935.520020,5504.180176,5526.640137,5526.640137,2735699968
2017-10-25,5524.600098,5754.330078,5397.879883,5750.799805,5750.799805,1966989952
2017-10-26,5747.950195,5976.799805,5721.220215,5904.830078,5904.830078,1905040000
2017-10-27,5899.740234,5988.390137,5728.819824,5780.899902,5780.899902,1710130048
2017-10-28,5787.819824,5876.720215,5689.189941,5753.089844,5753.089844,1403920000
2017-10-29,5754.439941,6255.709961,5724.580078,6153.850098,6153.850098,2859040000
2017-10-30,6114.850098,6214.990234,6040.850098,6130.529785,6130.529785,1772150016
2017-10-31,6132.020020,6470.430176,6103.330078,6468.399902,6468.399902,2311379968
2017-11-01,6440.970215,6767.310059,6377.879883,6767.310059,6767.310059,2870320128
2017-11-02,6777.770020,7367.330078,6758.720215,7078.500000,7078.500000,4653770240
2017-11-03,7087.529785,7461.290039,7002.939941,7207.759766,7207.759766,3369860096
2017-11-04,7164.479980,7492.859863,7031.279785,7379.950195,7379.950195,2483800064
2017-11-05,7404.520020,7617.479980,7333.189941,7407.410156,7407.410156,2380410112
2017-11-06,7403.220215,7445.770020,7007.310059,7022.759766,7022.759766,3111899904
2017-11-07,7023.100098,7253.319824,7023.100098,7144.379883,7144.379883,2326340096
2017-11-08,7141.379883,7776.419922,7114.020020,7459.689941,7459.689941,4602200064
2017-11-09,7446.830078,7446.830078,7101.520020,7143.580078,7143.580078,3226249984
2017-11-10,7173.729980,7312.000000,6436.870117,6618.140137,6618.140137,5208249856
2017-11-11,6618.609863,6873.149902,6204.220215,6357.600098,6357.600098,4908680192
2017-11-12,6295.450195,6625.049805,5519.009766,5950.069824,5950.069824,8957349888
2017-11-13,5938.250000,6811.189941,5844.290039,6559.490234,6559.490234,6263249920
2017-11-14,6561.479980,6764.979980,6461.750000,6635.750000,6635.750000,3197110016
2017-11-15,6634.759766,7342.250000,6634.759766,7315.540039,7315.540039,4200880128
2017-11-16,7323.240234,7967.379883,7176.580078,7871.689941,7871.689941,5123809792
2017-11-17,7853.569824,8004.589844,7561.089844,7708.990234,7708.990234,4651670016
2017-11-18,7697.209961,7884.990234,7463.439941,7790.149902,7790.149902,3667190016
2017-11-19,7766.029785,8101.910156,7694.100098,8036.490234,8036.490234,3149319936
2017-11-20,8039.069824,8336.860352,7949.359863,8200.639648,8200.639648,3488450048
2017-11-21,8205.740234,8348.660156,7762.709961,8071.259766,8071.259766,4277609984
2017-11-22,8077.950195,8302.259766,8075.470215,8253.549805,8253.549805,3633530112
2017-11-23,8232.379883,8267.400391,8038.770020,8038.770020,8038.770020,4225179904
2017-11-24,8074.020020,8374.160156,7940.930176,8253.690430,8253.690430,5058610176
2017-11-25,8241.709961,8790.919922,8191.149902,8790.919922,8790.919922,4342060032
2017-11-26,8789.040039,9522.929688,8775.589844,9330.549805,9330.549805,5475579904
2017-11-27,9352.719727,9818.349609,9352.719727,9818.349609,9818.349609,5653320192
2017-11-28,9823.429688,10125.700195,9736.299805,10058.799805,10058.799805,6348819968
2017-11-29,10077.400391,11517.400391,9601.030273,9888.610352,9888.610352,11568799744
2017-11-30,9906.790039,10801.000000,9202.049805,10233.599609,10233.599609,8310689792
2017-12-01,10198.599609,11046.700195,9694.650391,10975.599609,10975.599609,6783119872
2017-12-02,10978.299805,11320.200195,10905.099609,11074.599609,11074.599609,5138500096
2017-12-03,11082.700195,11858.700195,10862.000000,11323.200195,11323.200195,6608309760
2017-12-04,11315.400391,11657.200195,11081.799805,11657.200195,11657.200195,6132409856
2017-12-05,11685.700195,12032.000000,11604.599609,11916.700195,11916.700195,6895260160
2017-12-06,11923.400391,14369.099609,11923.400391,14291.500000,14291.500000,12656300032
2017-12-07,14266.099609,17899.699219,14057.299805,17899.699219,17899.699219,17950699520
2017-12-08,17802.900391,18353.400391,14336.900391,16569.400391,16569.400391,21135998976
2017-12-09,16523.300781,16783.000000,13674.900391,15178.200195,15178.200195,13911300096
2017-12-10,15168.400391,15850.599609,13226.599609,15455.400391,15455.400391,13433299968
2017-12-11,15427.400391,17513.900391,15404.799805,16936.800781,16936.800781,12153900032
2017-12-12,16919.800781,17781.800781,16571.599609,17415.400391,17415.400391,14603799552
2017-12-13,17500.000000,17653.099609,16039.700195,16408.199219,16408.199219,12976900096
2017-12-14,16384.599609,17085.800781,16185.900391,16564.000000,16564.000000,13777399808
2017-12-15,16601.300781,18154.099609,16601.300781,17706.900391,17706.900391,14309999616
2017-12-16,17760.300781,19716.699219,17515.300781,19497.400391,19497.400391,12740599808
2017-12-17,19475.800781,20089.000000,18974.099609,19140.800781,19140.800781,13314599936
2017-12-18,19106.400391,19371.000000,18355.900391,19114.199219,19114.199219,14839499776
2017-12-19,19118.300781,19177.800781,17275.400391,17776.699219,17776.699219,16894499840
2017-12-20,17760.300781,17934.699219,16077.700195,16624.599609,16624.599609,22149699584
2017-12-21,16642.400391,17567.699219,15342.700195,15802.900391,15802.900391,16516599808
2017-12-22,15898.000000,15943.400391,11833.000000,13831.799805,13831.799805,22197999616
2017-12-23,13948.700195,15603.200195,13828.799805,14699.200195,14699.200195,13086000128
2017-12-24,14608.200195,14626.000000,12747.700195,13925.799805,13925.799805,11572299776
2017-12-25,13995.900391,14593.000000,13448.900391,14026.599609,14026.599609,10664699904
2017-12-26,14036.599609,16461.199219,14028.900391,16099.799805,16099.799805,13454300160
2017-12-27,16163.500000,16930.900391,15114.299805,15838.500000,15838.500000,12487600128
2017-12-28,15864.099609,15888.400391,13937.299805,14606.500000,14606.500000,12336499712
2017-12-29,14695.799805,15279.000000,14307.000000,14656.200195,14656.200195,13025500160
2017-12-30,14681.900391,14681.900391,12350.099609,12952.200195,12952.200195,14452599808
2017-12-31,12897.700195,14377.400391,12755.599609,14156.400391,14156.400391,12136299520
2018-01-01,14112.200195,14112.200195,13154.700195,13657.200195,13657.200195,10291200000
2018-01-02,13625.000000,15444.599609,13163.599609,14982.099609,14982.099609,16846600192
2018-01-03,14978.200195,15572.799805,14844.500000,15201.000000,15201.000000,16871900160
2018-01-04,15270.700195,15739.700195,14522.200195,15599.200195,15599.200195,21783199744
2018-01-05,15477.200195,17705.199219,15202.799805,17429.500000,17429.500000,23840899072
2018-01-06,17462.099609,17712.400391,16764.599609,17527.000000,17527.000000,18314600448
2018-01-07,17527.300781,17579.599609,16087.700195,16477.599609,16477.599609,15866000384
2018-01-08,16476.199219,16537.900391,14208.200195,15170.099609,15170.099609,18413899776
2018-01-09,15123.700195,15497.500000,14424.000000,14595.400391,14595.400391,16659999744
2018-01-10,14588.500000,14973.299805,13691.200195,14973.299805,14973.299805,18500800512
2018-01-11,14968.200195,15018.799805,13105.900391,13405.799805,13405.799805,16534099968
2018-01-12,13453.900391,14229.900391,13158.099609,13980.599609,13980.599609,12065699840
2018-01-13,13952.400391,14659.500000,13952.400391,14360.200195,14360.200195,12763599872
2018-01-14,14370.799805,14511.799805,13268.000000,13772.000000,13772.000000,11084099584
2018-01-15,13767.299805,14445.500000,13641.700195,13819.799805,13819.799805,12750799872
2018-01-16,13836.099609,13843.099609,10194.900391,11490.500000,11490.500000,18853799936
2018-01-17,11431.099609,11678.000000,9402.290039,11188.599609,11188.599609,18830600192
2018-01-18,11198.799805,12107.299805,10942.500000,11474.900391,11474.900391,15020399616
2018-01-19,11429.799805,11992.799805,11172.099609,11607.400391,11607.400391,10740400128
2018-01-20,11656.200195,13103.000000,11656.200195,12899.200195,12899.200195,11801700352
2018-01-21,12889.200195,12895.900391,11288.200195,11600.099609,11600.099609,9935179776
2018-01-22,11633.099609,11966.400391,10240.200195,10931.400391,10931.400391,10537400320
2018-01-23,10944.500000,11377.599609,10129.700195,10868.400391,10868.400391,9660609536
2018-01-24,10903.400391,11501.400391,10639.799805,11359.400391,11359.400391,9940989952
2018-01-25,11421.700195,11785.700195,11057.400391,11259.400391,11259.400391,8873169920
2018-01-26,11256.000000,11656.700195,10470.299805,11171.400391,11171.400391,9746199552
2018-01-27,11174.900391,11614.900391,10989.200195,11440.700195,11440.700195,7583269888
2018-01-28,11475.299805,12040.299805,11475.299805,11786.299805,11786.299805,8350360064
2018-01-29,11755.500000,11875.599609,11179.200195,11296.400391,11296.400391,7107359744
2018-01-30,11306.799805,11307.200195,10036.200195,10106.299805,10106.299805,8637859840
2018-01-31,10108.200195,10381.599609,9777.419922,10221.099609,10221.099609,8041160192
2018-02-01,10237.299805,10288.799805,8812.280273,9170.540039,9170.540039,9959400448
2018-02-02,9142.280273,9142.280273,7796.490234,8830.750000,8830.750000,12726899712
2018-02-03,8852.120117,9430.750000,8251.629883,9174.910156,9174.910156,7263790080
2018-02-04,9175.700195,9334.870117,8031.220215,8277.009766,8277.009766,7073549824
2018-02-05,8270.540039,8364.839844,6756.680176,6955.270020,6955.270020,9285289984
2018-02-06,7051.750000,7850.700195,6048.259766,7754.000000,7754.000000,13999800320
2018-02-07,7755.490234,8509.110352,7236.790039,7621.299805,7621.299805,9169280000
2018-02-08,7637.859863,8558.769531,7637.859863,8265.589844,8265.589844,9346750464
2018-02-09,8271.839844,8736.980469,7884.709961,8736.980469,8736.980469,6784820224
2018-02-10,8720.080078,9122.549805,8295.469727,8621.900391,8621.900391,7780960256
2018-02-11,8616.129883,8616.129883,7931.100098,8129.970215,8129.970215,6122189824
2018-02-12,8141.430176,8985.919922,8141.430176,8926.570313,8926.570313,6256439808
2018-02-13,8926.719727,8958.469727,8455.410156,8598.309570,8598.309570,5696719872
2018-02-14,8599.919922,9518.540039,8599.919922,9494.629883,9494.629883,7909819904
2018-02-15,9488.320313,10234.799805,9395.580078,10166.400391,10166.400391,9062540288
2018-02-16,10135.700195,10324.099609,9824.820313,10233.900391,10233.900391,7296159744
2018-02-17,10207.500000,11139.500000,10149.400391,11112.700195,11112.700195,8660880384
2018-02-18,11123.400391,11349.799805,10326.000000,10551.799805,10551.799805,8744009728
2018-02-19,10552.599609,11273.799805,10513.200195,11225.299805,11225.299805,7652089856
2018-02-20,11231.799805,11958.500000,11231.799805,11403.700195,11403.700195,9926540288
2018-02-21,11372.200195,11418.500000,10479.099609,10690.400391,10690.400391,9405339648
2018-02-22,10660.400391,11039.099609,9939.089844,10005.000000,10005.000000,8040079872
2018-02-23,9937.070313,10487.299805,9734.559570,10301.099609,10301.099609,7739500032
2018-02-24,10287.700195,10597.200195,9546.969727,9813.070313,9813.070313,6917929984
2018-02-25,9796.419922,9923.219727,9407.059570,9664.730469,9664.730469,5706939904
2018-02-26,9669.429688,10475.000000,9501.730469,10366.700195,10366.700195,7287690240
2018-02-27,10393.900391,10878.500000,10246.099609,10725.599609,10725.599609,6966179840
2018-02-28,10687.200195,11089.799805,10393.099609,10397.900391,10397.900391,6936189952
2018-03-01,10385.000000,11052.299805,10352.700195,10951.000000,10951.000000,7317279744
2018-03-02,10977.400391,11189.000000,10850.099609,11086.400391,11086.400391,7620590080
2018-03-03,11101.900391,11528.200195,11002.400391,11489.700195,11489.700195,6690570240
2018-03-04,11497.400391,11512.599609,11136.099609,11512.599609,11512.599609,6084149760
2018-03-05,11532.400391,11704.099609,11443.900391,11573.299805,11573.299805,6468539904
2018-03-06,11500.099609,11500.099609,10694.299805,10779.900391,10779.900391,6832169984
2018-03-07,10803.900391,10929.500000,9692.120117,9965.570313,9965.570313,8797910016
2018-03-08,9951.440430,10147.400391,9335.870117,9395.009766,9395.009766,7186089984
2018-03-09,9414.690430,9466.349609,8513.030273,9337.549805,9337.549805,8704190464
2018-03-10,9350.589844,9531.320313,8828.469727,8866.000000,8866.000000,5386319872
2018-03-11,8852.780273,9711.889648,8607.120117,9578.629883,9578.629883,6296370176
2018-03-12,9602.929688,9937.500000,8956.429688,9205.120117,9205.120117,6457399808
2018-03-13,9173.040039,9470.379883,8958.190430,9194.849609,9194.849609,5991139840
2018-03-14,9214.650391,9355.849609,8068.589844,8269.809570,8269.809570,6438230016
2018-03-15,8290.759766,8428.349609,7783.049805,8300.860352,8300.860352,6834429952
2018-03-16,8322.910156,8585.150391,8005.310059,8338.349609,8338.349609,5289379840
2018-03-17,8321.910156,8346.530273,7812.819824,7916.879883,7916.879883,4426149888
2018-03-18,7890.520020,8245.509766,7397.990234,8223.679688,8223.679688,6639190016
2018-03-19,8344.120117,8675.870117,8182.399902,8630.650391,8630.650391,6729110016
2018-03-20,8619.669922,9051.019531,8389.889648,8913.469727,8913.469727,6361789952
2018-03-21,8937.480469,9177.370117,8846.330078,8929.280273,8929.280273,6043129856
2018-03-22,8939.440430,9100.709961,8564.900391,8728.469727,8728.469727,5530390016
2018-03-23,8736.250000,8879.620117,8360.620117,8879.620117,8879.620117,5954120192
2018-03-24,8901.950195,8996.179688,8665.700195,8668.120117,8668.120117,5664600064
2018-03-25,8612.809570,8682.009766,8449.099609,8495.780273,8495.780273,4569880064
2018-03-26,8498.469727,8530.080078,7921.430176,8209.400391,8209.400391,5921039872
2018-03-27,8200.000000,8232.780273,7797.279785,7833.040039,7833.040039,5378250240
2018-03-28,7836.830078,8122.890137,7809.169922,7954.479980,7954.479980,4935289856
2018-03-29,7979.069824,7994.330078,7081.379883,7165.700195,7165.700195,6361229824
2018-03-30,7171.450195,7276.660156,6683.930176,6890.520020,6890.520020,6289509888
2018-03-31,6892.479980,7207.850098,6863.520020,6973.529785,6973.529785,4553269760
2018-04-01,7003.060059,7060.950195,6526.870117,6844.229980,6844.229980,4532100096
2018-04-02,6844.859863,7135.470215,6816.580078,7083.799805,7083.799805,4333440000
2018-04-03,7102.259766,7530.939941,7072.490234,7456.109863,7456.109863,5499700224
2018-04-04,7456.410156,7469.879883,6803.879883,6853.839844,6853.839844,4936000000
2018-04-05,6848.649902,6933.819824,6644.799805,6811.470215,6811.470215,5639320064
2018-04-06,6815.959961,6857.490234,6575.000000,6636.319824,6636.319824,3766810112
2018-04-07,6630.509766,7050.540039,6630.509766,6911.089844,6911.089844,3976610048
2018-04-08,6919.979980,7111.560059,6919.979980,7023.520020,7023.520020,3652499968
2018-04-09,7044.319824,7178.109863,6661.990234,6770.729980,6770.729980,4894060032
2018-04-10,6795.439941,6872.410156,6704.149902,6834.759766,6834.759766,4272750080
2018-04-11,6843.470215,6968.319824,6817.589844,6968.319824,6968.319824,4641889792
2018-04-12,6955.379883,7899.229980,6806.509766,7889.250000,7889.250000,8906250240
2018-04-13,7901.089844,8183.959961,7758.930176,7895.959961,7895.959961,7764460032
2018-04-14,7874.669922,8140.709961,7846.000000,7986.240234,7986.240234,5191430144
2018-04-15,7999.330078,8338.419922,7999.330078,8329.110352,8329.110352,5244480000
2018-04-16,8337.570313,8371.150391,7925.729980,8058.669922,8058.669922,5631309824
2018-04-17,8071.660156,8285.959961,7881.720215,7902.089844,7902.089844,6900879872
2018-04-18,7944.430176,8197.799805,7886.009766,8163.419922,8163.419922,6529909760
2018-04-19,8159.270020,8298.690430,8138.779785,8294.309570,8294.309570,7063209984
2018-04-20,8286.879883,8880.230469,8244.540039,8845.830078,8845.830078,8438110208
2018-04-21,8848.790039,8997.570313,8652.150391,8895.580078,8895.580078,7548550144
2018-04-22,8925.059570,9001.639648,8779.610352,8802.459961,8802.459961,6629899776
2018-04-23,8794.389648,8958.549805,8788.809570,8930.879883,8930.879883,6925190144
2018-04-24,8934.339844,9732.610352,8927.830078,9697.500000,9697.500000,10678800384
2018-04-25,9701.030273,9745.320313,8799.839844,8845.740234,8845.740234,11083100160
2018-04-26,8867.320313,9281.509766,8727.089844,9281.509766,9281.509766,8970559488
2018-04-27,9290.629883,9375.469727,8987.049805,8987.049805,8987.049805,7566289920
2018-04-28,8939.269531,9412.089844,8931.990234,9348.480469,9348.480469,7805479936
2018-04-29,9346.410156,9531.490234,9193.709961,9419.080078,9419.080078,8853000192
2018-04-30,9426.110352,9477.139648,9166.809570,9240.549805,9240.549805,8673920000
2018-05-01,9251.469727,9255.879883,8891.049805,9119.009766,9119.009766,7713019904
2018-05-02,9104.599609,9256.519531,9015.139648,9235.919922,9235.919922,7558159872
2018-05-03,9233.969727,9798.330078,9188.150391,9743.860352,9743.860352,10207299584
2018-05-04,9695.500000,9779.200195,9585.959961,9700.759766,9700.759766,8217829888
2018-05-05,9700.280273,9964.500000,9695.120117,9858.150391,9858.150391,7651939840
2018-05-06,9845.309570,9940.139648,9465.250000,9654.799805,9654.799805,7222280192
2018-05-07,9645.669922,9665.849609,9231.530273,9373.009766,9373.009766,7394019840
2018-05-08,9380.870117,9462.750000,9127.769531,9234.820313,9234.820313,7415869952
2018-05-09,9223.730469,9374.759766,9031.620117,9325.179688,9325.179688,7226890240
2018-05-10,9325.959961,9396.040039,9040.519531,9043.940430,9043.940430,6906699776
2018-05-11,9052.959961,9052.959961,8394.459961,8441.490234,8441.490234,8488520192
2018-05-12,8441.440430,8664.860352,8223.500000,8504.889648,8504.889648,6821380096
2018-05-13,8515.490234,8773.549805,8395.120117,8723.940430,8723.940430,5866379776
2018-05-14,8713.099609,8881.120117,8367.969727,8716.790039,8716.790039,7364149760
2018-05-15,8705.190430,8836.190430,8456.450195,8510.379883,8510.379883,6705710080
2018-05-16,8504.410156,8508.429688,8175.490234,8368.830078,8368.830078,6760220160
2018-05-17,8370.049805,8445.540039,8054.120117,8094.319824,8094.319824,5862530048
2018-05-18,8091.830078,8274.120117,7974.819824,8250.969727,8250.969727,5764190208
2018-05-19,8255.730469,8372.059570,8183.350098,8247.179688,8247.179688,4712399872
2018-05-20,8246.990234,8562.410156,8205.240234,8513.250000,8513.250000,5191059968
2018-05-21,8522.330078,8557.519531,8365.120117,8418.990234,8418.990234,5154990080
2018-05-22,8419.870117,8423.250000,8004.580078,8041.779785,8041.779785,5137010176
2018-05-23,8037.080078,8054.660156,7507.879883,7557.819824,7557.819824,6491120128
2018-05-24,7561.120117,7738.600098,7331.140137,7587.339844,7587.339844,6049220096
2018-05-25,7592.299805,7659.140137,7392.649902,7480.140137,7480.140137,4867829760
2018-05-26,7486.479980,7595.160156,7349.120117,7355.879883,7355.879883,4051539968
2018-05-27,7362.080078,7381.740234,7270.959961,7368.220215,7368.220215,4056519936
2018-05-28,7371.310059,7419.049805,7100.890137,7135.990234,7135.990234,5040600064
2018-05-29,7129.459961,7526.419922,7090.680176,7472.589844,7472.589844,5662660096
2018-05-30,7469.729980,7573.770020,7313.600098,7406.520020,7406.520020,4922540032
2018-05-31,7406.149902,7608.899902,7361.129883,7494.169922,7494.169922,5127130112
2018-06-01,7500.700195,7604.729980,7407.339844,7541.450195,7541.450195,4921460224
2018-06-02,7536.720215,7695.830078,7497.259766,7643.450195,7643.450195,4939299840
2018-06-03,7632.089844,7754.890137,7613.040039,7720.250000,7720.250000,4851760128
2018-06-04,7722.529785,7753.819824,7474.040039,7514.470215,7514.470215,4993169920
2018-06-05,7500.899902,7643.229980,7397.000000,7633.759766,7633.759766,4961739776
2018-06-06,7625.970215,7680.430176,7502.009766,7653.979980,7653.979980,4692259840
2018-06-07,7650.819824,7741.270020,7650.819824,7678.240234,7678.240234,4485799936
2018-06-08,7685.140137,7698.189941,7558.399902,7624.919922,7624.919922,4227579904
2018-06-09,7632.520020,7683.580078,7531.979980,7531.979980,7531.979980,3845220096
2018-06-10,7499.549805,7499.549805,6709.069824,6786.020020,6786.020020,5804839936
2018-06-11,6799.290039,6910.180176,6706.629883,6906.919922,6906.919922,4745269760
2018-06-12,6905.819824,6907.959961,6542.080078,6582.359863,6582.359863,4654380032
2018-06-13,6596.879883,6631.660156,6285.629883,6349.899902,6349.899902,5052349952
2018-06-14,6342.750000,6707.140137,6334.459961,6675.350098,6675.350098,5138710016
2018-06-15,6674.080078,6681.080078,6433.870117,6456.580078,6456.580078,3955389952
2018-06-16,6455.450195,6592.490234,6402.290039,6550.160156,6550.160156,3194170112
2018-06-17,6545.529785,6589.109863,6499.270020,6499.270020,6499.270020,3104019968
2018-06-18,6510.069824,6781.140137,6446.680176,6734.819824,6734.819824,4039200000
2018-06-19,6742.390137,6822.500000,6709.919922,6769.939941,6769.939941,4057029888
2018-06-20,6770.759766,6821.560059,6611.879883,6776.549805,6776.549805,3888640000
2018-06-21,6780.089844,6810.939941,6715.169922,6729.740234,6729.740234,3529129984
2018-06-22,6737.879883,6747.080078,6006.600098,6083.689941,6083.689941,5079810048
2018-06-23,6090.100098,6224.819824,6071.810059,6162.479980,6162.479980,3431360000
2018-06-24,6164.279785,6223.779785,5826.410156,6173.229980,6173.229980,4566909952
2018-06-25,6171.970215,6327.370117,6119.680176,6249.180176,6249.180176,5500810240
2018-06-26,6253.549805,6290.160156,6093.669922,6093.669922,6093.669922,3279759872
2018-06-27,6084.399902,6180.000000,6052.850098,6157.129883,6157.129883,3296219904
2018-06-28,6153.160156,6170.410156,5873.049805,5903.439941,5903.439941,3467800064
2018-06-29,5898.129883,6261.660156,5835.750000,6218.299805,6218.299805,3966230016
2018-06-30,6214.220215,6465.509766,6214.220215,6404.000000,6404.000000,4543860224
2018-07-01,6411.680176,6432.850098,6289.290039,6385.819824,6385.819824,4788259840
2018-07-02,6380.379883,6683.859863,6305.700195,6614.180176,6614.180176,4396930048
2018-07-03,6596.660156,6671.370117,6447.750000,6529.589844,6529.589844,4672309760
2018-07-04,6550.870117,6771.919922,6450.459961,6597.549805,6597.549805,4176689920
2018-07-05,6599.709961,6749.540039,6546.649902,6639.140137,6639.140137,4999240192
2018-07-06,6638.689941,6700.939941,6533.549805,6673.500000,6673.500000,4313959936
2018-07-07,6668.709961,6863.990234,6579.240234,6856.930176,6856.930176,3961080064
2018-07-08,6857.799805,6885.910156,6747.979980,6773.879883,6773.879883,3386210048
2018-07-09,6775.080078,6838.680176,6724.339844,6741.750000,6741.750000,3718129920
2018-07-10,6739.209961,6767.740234,6320.720215,6329.950195,6329.950195,4052430080
2018-07-11,6330.770020,6444.959961,6330.470215,6394.709961,6394.709961,3644859904
2018-07-12,6396.779785,6397.100098,6136.419922,6228.810059,6228.810059,3770170112
2018-07-13,6235.029785,6310.549805,6192.240234,6238.049805,6238.049805,3805400064
2018-07-14,6247.500000,6298.189941,6212.220215,6276.120117,6276.120117,2923670016
2018-07-15,6272.700195,6403.459961,6256.509766,6359.640137,6359.640137,3285459968
2018-07-16,6357.009766,6741.750000,6357.009766,6741.750000,6741.750000,4725799936
2018-07-17,6739.649902,7387.240234,6684.169922,7321.040039,7321.040039,5961950208
2018-07-18,7315.319824,7534.990234,7280.470215,7370.779785,7370.779785,6103410176
2018-07-19,7378.200195,7494.459961,7295.459961,7466.859863,7466.859863,5111629824
2018-07-20,7467.399902,7594.669922,7323.259766,7354.129883,7354.129883,4936869888
2018-07-21,7352.720215,7437.640137,7262.410156,7419.290039,7419.290039,3726609920
2018-07-22,7417.799805,7537.950195,7383.819824,7418.490234,7418.490234,3695460096
2018-07-23,7414.709961,7771.500000,7409.100098,7711.109863,7711.109863,5132480000
2018-07-24,7716.509766,8424.269531,7705.500000,8424.269531,8424.269531,7277689856
2018-07-25,8379.660156,8416.870117,8086.359863,8181.390137,8181.390137,5845400064
2018-07-26,8176.850098,8290.330078,7878.709961,7951.580078,7951.580078,4899089920
2018-07-27,7950.399902,8262.660156,7839.759766,8165.009766,8165.009766,5195879936
2018-07-28,8169.060059,8222.849609,8110.770020,8192.150391,8192.150391,3988750080
2018-07-29,8205.820313,8272.259766,8141.180176,8218.459961,8218.459961,4107190016
2018-07-30,8221.580078,8235.500000,7917.500000,8180.479980,8180.479980,5551400000
2018-07-31,8181.200195,8181.529785,7696.930176,7780.439941,7780.439941,5287530000
2018-08-01,7769.040039,7769.040039,7504.950195,7624.910156,7624.910156,4797620000
2018-08-02,7634.189941,7712.770020,7523.439941,7567.149902,7567.149902,4214110000
2018-08-03,7562.140137,7562.140137,7328.649902,7434.390137,7434.390137,4627150000
2018-08-04,7438.669922,7497.490234,6984.069824,7032.850098,7032.850098,4268390000
2018-08-05,7031.080078,7102.770020,6940.700195,7068.479980,7068.479980,3679110000
2018-08-06,7062.939941,7166.549805,6890.540039,6951.799805,6951.799805,3925900000
2018-08-07,6958.319824,7146.560059,6748.240234,6753.120117,6753.120117,4682800000
2018-08-08,6746.850098,6746.850098,6226.220215,6305.799805,6305.799805,5064430000
2018-08-09,6305.560059,6625.729980,6249.069824,6568.229980,6568.229980,4267040000
2018-08-10,6571.419922,6591.259766,6124.520020,6184.709961,6184.709961,4528680000
2018-08-11,6185.790039,6455.740234,6109.029785,6295.729980,6295.729980,4047850000
2018-08-12,6283.649902,6409.850098,6237.500000,6322.689941,6322.689941,5665250000
2018-08-13,6341.359863,6537.049805,6225.720215,6297.569824,6297.569824,4083980000
2018-08-14,6287.660156,6287.939941,5971.049805,6199.709961,6199.709961,5301700000
2018-08-15,6221.419922,6588.490234,6221.419922,6308.520020,6308.520020,4895450000
2018-08-16,6294.229980,6473.500000,6276.410156,6334.729980,6334.729980,4328420000
2018-08-17,6340.910156,6582.500000,6324.970215,6580.629883,6580.629883,4992990000
2018-08-18,6583.430176,6617.350098,6353.729980,6423.759766,6423.759766,3984520000
2018-08-19,6422.569824,6537.979980,6361.549805,6506.069824,6506.069824,3311170000
2018-08-20,6500.509766,6536.919922,6297.930176,6308.529785,6308.529785,3665100000
2018-08-21,6301.069824,6500.870117,6298.240234,6488.759766,6488.759766,3377180000
2018-08-22,6486.250000,6816.790039,6310.109863,6376.709961,6376.709961,4668110000
2018-08-23,6371.339844,6546.540039,6371.339844,6534.879883,6534.879883,3426180000
2018-08-24,6551.520020,6719.959961,6498.640137,6719.959961,6719.959961,4097820000
2018-08-25,6719.950195,6789.629883,6700.959961,6763.189941,6763.189941,3312600000
2018-08-26,6754.640137,6774.750000,6620.750000,6707.259766,6707.259766,3295500000
2018-08-27,6710.799805,6884.640137,6689.709961,6884.640137,6884.640137,4019000000
2018-08-28,6891.080078,7109.560059,6882.339844,7096.279785,7096.279785,4659940000
2018-08-29,7091.709961,7113.299805,6970.819824,7047.160156,7047.160156,4145880000
2018-08-30,7043.759766,7072.689941,6834.689941,6978.229980,6978.229980,4463250000
2018-08-31,6973.970215,7057.169922,6920.160156,7037.580078,7037.580078,4495650000
2018-09-01,7044.810059,7242.290039,7038.049805,7193.250000,7193.250000,4116050000
2018-09-02,7189.580078,7306.310059,7132.160156,7272.720215,7272.720215,4329540000
2018-09-03,7279.029785,7317.939941,7208.149902,7260.060059,7260.060059,4087760000
2018-09-04,7263.000000,7388.259766,7255.439941,7361.660156,7361.660156,4273640000
2018-09-05,7361.459961,7388.430176,6792.830078,6792.830078,6792.830078,5800460000
2018-09-06,6755.140137,6755.140137,6404.720215,6529.169922,6529.169922,5523470000
2018-09-07,6528.919922,6555.290039,6396.870117,6467.069824,6467.069824,4264680000
2018-09-08,6460.169922,6534.250000,6197.520020,6225.979980,6225.979980,3835060000
2018-09-09,6223.379883,6446.259766,6201.220215,6300.859863,6300.859863,3671890000
2018-09-10,6301.569824,6374.979980,6292.759766,6329.700195,6329.700195,3714100000
2018-09-11,6331.879883,6398.919922,6260.209961,6321.200195,6321.200195,3849910000
2018-09-12,6317.009766,6363.870117,6265.089844,6351.799805,6351.799805,4064230000
2018-09-13,6354.240234,6535.410156,6354.240234,6517.310059,6517.310059,4210910000
2018-09-14,6515.410156,6596.100098,6456.169922,6512.709961,6512.709961,4076220000
2018-09-15,6509.399902,6561.720215,6493.549805,6543.200195,6543.200195,3216300000
2018-09-16,6536.680176,6544.330078,6460.100098,6517.180176,6517.180176,3273730000
2018-09-17,6514.060059,6540.209961,6257.520020,6281.200195,6281.200195,3910780000
2018-09-18,6280.910156,6384.180176,6265.709961,6371.299805,6371.299805,4180090000
2018-09-19,6371.850098,6448.459961,6208.339844,6398.540039,6398.540039,4431340000
2018-09-20,6398.850098,6529.259766,6395.950195,6519.669922,6519.669922,4348110000
2018-09-21,6513.870117,6794.330078,6496.359863,6734.950195,6734.950195,6531940000
2018-09-22,6735.049805,6814.560059,6616.799805,6721.979980,6721.979980,4509660000
2018-09-23,6715.319824,6766.149902,6679.419922,6710.629883,6710.629883,4197500000
2018-09-24,6704.770020,6713.560059,6580.899902,6595.410156,6595.410156,4177310000
2018-09-25,6603.640137,6603.640137,6381.859863,6446.470215,6446.470215,4726180000
2018-09-26,6452.790039,6585.910156,6397.890137,6495.000000,6495.000000,4437300000
2018-09-27,6495.290039,6712.100098,6464.950195,6676.750000,6676.750000,4606810000
2018-09-28,6678.750000,6785.029785,6598.319824,6644.129883,6644.129883,5014430000
2018-09-29,6643.100098,6643.100098,6511.649902,6601.959961,6601.959961,4363690000
2018-09-30,6604.709961,6643.779785,6566.540039,6625.560059,6625.560059,4002280000
2018-10-01,6619.850098,6653.299805,6549.080078,6589.620117,6589.620117,4000970000
2018-10-02,6593.240234,6611.839844,6537.899902,6556.100098,6556.100098,3979260000
2018-10-03,6553.859863,6571.459961,6454.029785,6502.589844,6502.589844,3887310000
2018-10-04,6497.910156,6603.310059,6497.910156,6576.689941,6576.689941,3838410000
2018-10-05,6574.149902,6623.620117,6557.410156,6622.479980,6622.479980,3671500000
2018-10-06,6622.450195,6628.540039,6577.799805,6588.310059,6588.310059,3259740000
2018-10-07,6590.680176,6641.490234,6557.040039,6602.950195,6602.950195,3306630000
2018-10-08,6600.189941,6675.060059,6576.040039,6652.229980,6652.229980,3979460000
2018-10-09,6653.080078,6661.410156,6606.939941,6642.640137,6642.640137,3580810000
2018-10-10,6640.290039,6640.290039,6538.959961,6585.529785,6585.529785,3787650000
2018-10-11,6586.740234,6586.740234,6243.740234,6256.240234,6256.240234,5181640000
2018-10-12,6239.250000,6328.500000,6236.470215,6274.580078,6274.580078,3783500000
2018-10-13,6278.080078,6308.509766,6259.810059,6285.990234,6285.990234,3064030000
2018-10-14,6288.490234,6363.209961,6280.149902,6290.930176,6290.930176,3085320000
2018-10-15,6292.640137,6965.060059,6258.680176,6596.540039,6596.540039,7370770000
2018-10-16,6601.410156,6673.589844,6571.370117,6596.109863,6596.109863,4074800000
2018-10-17,6590.520020,6601.209961,6517.450195,6544.430176,6544.430176,4088420000
2018-10-18,6542.330078,6567.540039,6450.040039,6476.709961,6476.709961,3924080000
2018-10-19,6478.069824,6493.680176,6445.310059,6465.410156,6465.410156,3578870000
2018-10-20,6460.919922,6497.720215,6449.000000,6489.189941,6489.189941,3379130000
2018-10-21,6490.089844,6556.379883,6476.000000,6482.350098,6482.350098,3253610000
2018-10-22,6486.049805,6543.799805,6462.979980,6487.160156,6487.160156,3672860000
2018-10-23,6472.359863,6506.009766,6451.270020,6475.740234,6475.740234,3716150000
2018-10-24,6478.890137,6521.990234,6468.859863,6495.839844,6495.839844,3424670000
2018-10-25,6484.649902,6504.649902,6447.029785,6476.290039,6476.290039,3230550000
2018-10-26,6468.439941,6498.290039,6449.609863,6474.750000,6474.750000,3306050000
2018-10-27,6480.839844,6507.410156,6453.529785,6480.379883,6480.379883,3393250000
2018-10-28,6482.660156,6502.279785,6447.910156,6486.390137,6486.390137,3445190000
2018-10-29,6492.350098,6503.600098,6306.990234,6332.629883,6332.629883,4199910000
2018-10-30,6337.040039,6364.990234,6310.140137,6334.270020,6334.270020,3781100000
2018-10-31,6336.990234,6349.160156,6316.879883,6317.609863,6317.609863,4191240000
2018-11-01,6318.140137,6547.140137,6311.830078,6377.779785,6377.779785,3789400000
2018-11-02,6378.919922,6396.859863,6327.379883,6388.439941,6388.439941,4234870000
2018-11-03,6387.240234,6400.069824,6342.370117,6361.259766,6361.259766,3658640000
2018-11-04,6365.470215,6388.629883,6294.569824,6376.129883,6376.129883,4390020000
2018-11-05,6363.620117,6480.589844,6363.620117,6419.660156,6419.660156,4174800000
2018-11-06,6433.379883,6463.549805,6408.160156,6461.009766,6461.009766,4700040000
2018-11-07,6468.500000,6552.160156,6468.310059,6530.140137,6530.140137,4941260000
2018-11-08,6522.270020,6536.919922,6438.529785,6453.720215,6453.720215,4665260000
2018-11-09,6442.600098,6456.459961,6373.370117,6385.620117,6385.620117,4346820000
2018-11-10,6386.129883,6437.279785,6385.310059,6409.220215,6409.220215,3705320000
2018-11-11,6413.629883,6423.250000,6350.169922,6411.270020,6411.270020,3939060000
2018-11-12,6411.759766,6434.209961,6360.470215,6371.270020,6371.270020,4295770000
2018-11-13,6373.189941,6395.270020,6342.669922,6359.490234,6359.490234,4503800000
2018-11-14,6351.240234,6371.549805,5544.089844,5738.350098,5738.350098,7398940000
2018-11-15,5736.149902,5774.819824,5358.379883,5648.029785,5648.029785,7032140000
2018-11-16,5645.319824,5657.020020,5498.939941,5575.549805,5575.549805,5279320000
2018-11-17,5578.580078,5578.580078,5519.560059,5554.330078,5554.330078,4303150000
2018-11-18,5559.740234,5653.609863,5559.740234,5623.540039,5623.540039,4159680000
2018-11-19,5620.779785,5620.779785,4842.910156,4871.490234,4871.490234,7039560000
2018-11-20,4863.930176,4951.609863,4272.109863,4451.870117,4451.870117,8428290000
2018-11-21,4465.540039,4675.729980,4343.979980,4602.169922,4602.169922,6120120000
2018-11-22,4611.569824,4629.640137,4365.640137,4365.939941,4365.939941,4569370000
2018-11-23,4360.700195,4396.419922,4195.680176,4347.109863,4347.109863,4871490000
2018-11-24,4347.689941,4413.089844,3795.159912,3880.760010,3880.760010,4679500000
2018-11-25,3880.780029,4120.870117,3585.060059,4009.969971,4009.969971,6825640000
2018-11-26,4015.070068,4107.140137,3643.919922,3779.129883,3779.129883,6476900000
2018-11-27,3765.949951,3862.959961,3661.010010,3820.719971,3820.719971,5998720000
2018-11-28,3822.469971,4385.899902,3822.469971,4257.419922,4257.419922,7280280000
2018-11-29,4269.004395,4413.020508,4145.765137,4278.846680,4278.846680,6503347767
2018-11-30,4289.088867,4322.976563,3942.822021,4017.268555,4017.268555,6048016717
2018-12-01,4024.464355,4309.377441,3969.710693,4214.671875,4214.671875,5375314093
2018-12-02,4200.733398,4301.519531,4110.978516,4139.877930,4139.877930,5262697895
2018-12-03,4147.323730,4155.979492,3840.446289,3894.130859,3894.130859,5089570994
2018-12-04,3886.294922,4075.627686,3832.750000,3956.893799,3956.893799,5028069239
2018-12-05,3958.894775,3969.535889,3753.994873,3753.994873,3753.994873,5302481574
2018-12-06,3754.074463,3874.966064,3521.101807,3521.101807,3521.101807,5878333109
2018-12-07,3512.590332,3512.590332,3280.228760,3419.937256,3419.937256,6835615448
2018-12-08,3421.910400,3506.043457,3350.650635,3476.114746,3476.114746,5305024497
2018-12-09,3473.227539,3685.305664,3469.094238,3614.234375,3614.234375,4947372847
2018-12-10,3612.046387,3647.332520,3470.144531,3502.656006,3502.656006,5020968740
2018-12-11,3497.554688,3513.185059,3392.250000,3424.588135,3424.588135,4696765188
2018-12-12,3421.458252,3534.228516,3413.481445,3486.950195,3486.950195,4139364829
2018-12-13,3487.879395,3489.739502,3298.132080,3313.677246,3313.677246,4343372456
2018-12-14,3311.751953,3329.555908,3206.542236,3242.484863,3242.484863,4372763663
2018-12-15,3243.997559,3275.377930,3191.303467,3236.761719,3236.761719,3551763561
2018-12-16,3236.274658,3305.753174,3233.819824,3252.839111,3252.839111,3744248994
2018-12-17,3253.123047,3597.917969,3253.123047,3545.864746,3545.864746,5409247918
2018-12-18,3544.761475,3701.349365,3487.169189,3696.059082,3696.059082,5911325473
2018-12-19,3706.824951,3949.322998,3687.229980,3745.950684,3745.950684,6810689119
2018-12-20,3742.195068,4191.228516,3728.974609,4134.441406,4134.441406,8927129279
2018-12-21,4133.703613,4198.429688,3850.946289,3896.543701,3896.543701,7206015706
2018-12-22,3898.083740,4014.182617,3855.739014,4014.182617,4014.182617,5605823233
2018-12-23,4020.994629,4085.723633,3976.405762,3998.980225,3998.980225,6151275490
2018-12-24,4000.331787,4271.792480,4000.331787,4078.599121,4078.599121,7240968501
2018-12-25,4081.030518,4089.561523,3760.020508,3815.490723,3815.490723,6158207293
2018-12-26,3819.666748,3893.359619,3769.863770,3857.297607,3857.297607,5326547918
2018-12-27,3854.688477,3874.416992,3645.448486,3654.833496,3654.833496,5130222366
2018-12-28,3653.131836,3956.135986,3642.632080,3923.918701,3923.918701,5631554348
2018-12-29,3932.491699,3963.758789,3820.408691,3820.408691,3820.408691,4991655917
2018-12-30,3822.384766,3901.908936,3797.219238,3865.952637,3865.952637,4770578575
2018-12-31,3866.839111,3868.742920,3725.867432,3742.700439,3742.700439,4661840806
2019-01-01,3746.713379,3850.913818,3707.231201,3843.520020,3843.520020,4324200990
2019-01-02,3849.216309,3947.981201,3817.409424,3943.409424,3943.409424,5244856836
2019-01-03,3931.048584,3935.685059,3826.222900,3836.741211,3836.741211,4530215219
2019-01-04,3832.040039,3865.934570,3783.853760,3857.717529,3857.717529,4847965467
2019-01-05,3851.973877,3904.903076,3836.900146,3845.194580,3845.194580,5137609824
2019-01-06,3836.519043,4093.297363,3826.513184,4076.632568,4076.632568,5597027440
2019-01-07,4078.584961,4092.613525,4020.894043,4025.248291,4025.248291,5228625637
2019-01-08,4028.472168,4109.020996,3996.955322,4030.847900,4030.847900,5306593305
2019-01-09,4031.552002,4068.403564,4022.662842,4035.296387,4035.296387,5115905225
2019-01-10,4034.411377,4064.066650,3659.174561,3678.924561,3678.924561,6874143796
2019-01-11,3674.015381,3713.881836,3653.069824,3687.365479,3687.365479,5538712865
2019-01-12,3686.973145,3698.978271,3653.810791,3661.301025,3661.301025,4778170883
2019-01-13,3658.868164,3674.760010,3544.927246,3552.953125,3552.953125,4681302466
2019-01-14,3557.311035,3727.836182,3552.285156,3706.052246,3706.052246,5651384490
2019-01-15,3704.216309,3720.153320,3619.949219,3630.675293,3630.675293,5537192302
2019-01-16,3631.509766,3685.777100,3624.673340,3655.006836,3655.006836,5394457145
2019-01-17,3651.871094,3680.135986,3621.960938,3678.563965,3678.563965,5464420383
2019-01-18,3677.990479,3682.520020,3637.080811,3657.839355,3657.839355,5002961727
2019-01-19,3652.377930,3758.533447,3652.377930,3728.568359,3728.568359,5955691380
2019-01-20,3725.446045,3743.387939,3583.019531,3601.013672,3601.013672,5582489560
2019-01-21,3600.372803,3608.840820,3558.537109,3576.032471,3576.032471,5004347059
2019-01-22,3575.081299,3620.746582,3539.721436,3604.577148,3604.577148,5313623556
2019-01-23,3605.557129,3623.067871,3565.313965,3585.123047,3585.123047,5433755649
2019-01-24,3584.500244,3616.087402,3569.092773,3600.865479,3600.865479,5262869046
2019-01-25,3607.390381,3612.927734,3575.597412,3599.765869,3599.765869,5265847539
2019-01-26,3599.715332,3654.933105,3593.345947,3602.460449,3602.460449,5098183235
2019-01-27,3604.687256,3612.671387,3567.245850,3583.965820,3583.965820,5570752966
2019-01-28,3584.283203,3586.750977,3439.232910,3470.450439,3470.450439,6908930483
2019-01-29,3468.870117,3476.065430,3400.819824,3448.116943,3448.116943,5897159493
2019-01-30,3443.896973,3495.174805,3429.387939,3486.181641,3486.181641,5955112627
2019-01-31,3485.409180,3504.804932,3447.915771,3457.792725,3457.792725,5831198271
2019-02-01,3460.547119,3501.954102,3431.591553,3487.945313,3487.945313,5422926707
2019-02-02,3484.625977,3523.287354,3467.574707,3521.060791,3521.060791,5071623601
2019-02-03,3516.139648,3521.388184,3447.924316,3464.013428,3464.013428,5043937584
2019-02-04,3467.211670,3476.223877,3442.586914,3459.154053,3459.154053,5332718886
2019-02-05,3454.950928,3478.148193,3451.937012,3466.357422,3466.357422,5227549545
2019-02-06,3469.091797,3469.091797,3398.565430,3413.767822,3413.767822,5482196038
2019-02-07,3414.929443,3427.945557,3394.218506,3399.471680,3399.471680,5004962683
2019-02-08,3401.376465,3695.614014,3391.023682,3666.780273,3666.780273,7735623101
2019-02-09,3671.585938,3679.941406,3646.559326,3671.203613,3671.203613,6158833645
2019-02-10,3673.201416,3695.036133,3640.979980,3690.188232,3690.188232,6282256903
2019-02-11,3695.613037,3695.613037,3642.287842,3648.430664,3648.430664,6277056434
2019-02-12,3642.751953,3668.586914,3618.556885,3653.528564,3653.528564,6480384532
2019-02-13,3653.604004,3669.746582,3617.246338,3632.070557,3632.070557,6438903823
2019-02-14,3631.170166,3646.256592,3607.697754,3616.880859,3616.880859,6271044418
2019-02-15,3617.368408,3647.795166,3608.206543,3620.810791,3620.810791,6091952231
2019-02-16,3615.270264,3652.841309,3615.270264,3629.787598,3629.787598,5934744052
2019-02-17,3633.359375,3680.537354,3619.182129,3673.836182,3673.836182,7039512503
2019-02-18,3671.369873,3936.665039,3669.982422,3915.714355,3915.714355,9908216640
2019-02-19,3911.661621,4010.879395,3908.153076,3947.094482,3947.094482,9933626655
2019-02-20,3946.685059,4000.486328,3926.246826,3999.820557,3999.820557,8693373948
2019-02-21,4000.256836,4010.009521,3940.108154,3954.118164,3954.118164,7775128102
2019-02-22,3952.406494,4006.538330,3950.816406,4005.526611,4005.526611,7826525254
2019-02-23,3998.916260,4166.286133,3968.726807,4142.526855,4142.526855,8922258316
2019-02-24,4145.458008,4210.641602,3793.708984,3810.427490,3810.427490,10794227451
2019-02-25,3807.002441,3913.707275,3807.002441,3882.696289,3882.696289,9318796067
2019-02-26,3878.697266,3891.578857,3837.986328,3854.357910,3854.357910,7931218996
2019-02-27,3857.479736,3888.802490,3787.058838,3851.047363,3851.047363,8301309684
2019-02-28,3848.261963,3906.058350,3845.821289,3854.785400,3854.785400,8399767798
2019-03-01,3853.757080,3907.795410,3851.692383,3859.583740,3859.583740,7661247975
2019-03-02,3855.318115,3874.607422,3832.127930,3864.415039,3864.415039,7578786076
2019-03-03,3862.266113,3875.483643,3836.905762,3847.175781,3847.175781,7253558152
2019-03-04,3845.091553,3867.381836,3733.749756,3761.557129,3761.557129,9029175788
2019-03-05,3759.832520,3903.916748,3745.183105,3896.375000,3896.375000,10174126415
2019-03-06,3897.081055,3919.510498,3871.460693,3903.942627,3903.942627,9175291529
2019-03-07,3903.384766,3939.373291,3894.113037,3911.484375,3911.484375,9584165519
2019-03-08,3913.225830,3950.432129,3875.228516,3901.131592,3901.131592,10638638944
2019-03-09,3894.552490,3987.237793,3892.390381,3963.313721,3963.313721,10796103518
2019-03-10,3966.174316,3966.174316,3924.381104,3951.599854,3951.599854,9713267607
2019-03-11,3953.740234,3966.384766,3889.239014,3905.227295,3905.227295,10125901903
2019-03-12,3903.758301,3926.889160,3863.559082,3909.156250,3909.156250,9809887079
2019-03-13,3913.047363,3926.597656,3891.904297,3906.717285,3906.717285,9469184841
2019-03-14,3905.576904,3946.504395,3901.296875,3924.369141,3924.369141,10480789570
2019-03-15,3926.663330,3968.542969,3914.015381,3960.911133,3960.911133,9394210605
2019-03-16,3963.900146,4077.036377,3961.657471,4048.725830,4048.725830,9856166973
2019-03-17,4047.719482,4054.122070,4006.411133,4025.229004,4025.229004,8221625400
2019-03-18,4029.968506,4071.556641,4009.117188,4032.507324,4032.507324,9646954186
2019-03-19,4032.691895,4082.216064,4023.812500,4071.190186,4071.190186,9344919956
2019-03-20,4070.793945,4089.461914,4031.110840,4087.476318,4087.476318,10175916388
2019-03-21,4083.953857,4097.359863,4005.151367,4029.326904,4029.326904,10831212662
2019-03-22,4028.514648,4053.906738,4021.542480,4023.968262,4023.968262,9252935969
2019-03-23,4022.713379,4049.882568,4015.964600,4035.826416,4035.826416,9578850549
2019-03-24,4035.163574,4040.699707,4006.192871,4022.168213,4022.168213,9144851065
2019-03-25,4024.112793,4038.840820,3934.031250,3963.070557,3963.070557,10359818883
2019-03-26,3969.228760,3985.080811,3944.753174,3985.080811,3985.080811,10707678815
2019-03-27,3984.244873,4087.066162,3977.810547,4087.066162,4087.066162,10897131934
2019-03-28,4087.584473,4094.902100,4040.266357,4069.107178,4069.107178,9353915899
2019-03-29,4068.299805,4113.500977,4034.097168,4098.374512,4098.374512,10918665557
2019-03-30,4092.136230,4296.806641,4053.909668,4106.660156,4106.660156,9732688060
2019-03-31,4105.456055,4113.023438,4094.100830,4105.404297,4105.404297,9045122443
2019-04-01,4105.362305,4164.953125,4096.901367,4158.183105,4158.183105,10157794171
2019-04-02,4156.919434,4905.954590,4155.316895,4879.877930,4879.877930,21315047816
2019-04-03,4879.958008,5307.003418,4876.621094,4973.021973,4973.021973,22899891582
2019-04-04,4971.307617,5063.159668,4836.793945,4922.798828,4922.798828,18251810240
2019-04-05,4922.806152,5053.509766,4919.491699,5036.681152,5036.681152,16837325387
2019-04-06,5036.792969,5205.821777,4992.222168,5059.817383,5059.817383,16929795194
2019-04-07,5062.793945,5235.186523,5050.412109,5198.896973,5198.896973,16655416140
2019-04-08,5199.835449,5318.836426,5148.211914,5289.770996,5289.770996,17154113634
2019-04-09,5289.917969,5289.917969,5167.418945,5204.958496,5204.958496,14722104361
2019-04-10,5204.105469,5421.651367,5193.382324,5324.551758,5324.551758,15504590933
2019-04-11,5325.081543,5354.225586,5017.296387,5064.487793,5064.487793,16555616019
2019-04-12,5061.200684,5103.274414,4955.852539,5089.539063,5089.539063,13675206312
2019-04-13,5088.850098,5127.122070,5061.589355,5096.586426,5096.586426,10823289598
2019-04-14,5095.758789,5184.016113,5053.568359,5167.722168,5167.722168,10391952498
2019-04-15,5167.321777,5196.606934,5024.069336,5067.108398,5067.108398,12290155061
2019-04-16,5066.577637,5238.945313,5055.194824,5235.559570,5235.559570,11618660197
2019-04-17,5236.135254,5274.275391,5219.205566,5251.937988,5251.937988,12438480677
2019-04-18,5251.480469,5319.986328,5250.506836,5298.385742,5298.385742,13256489918
2019-04-19,5298.154297,5336.680176,5233.334961,5303.812500,5303.812500,13780238655
2019-04-20,5304.160645,5358.490723,5295.877930,5337.886230,5337.886230,13169647522
2019-04-21,5335.878906,5359.924805,5257.339355,5314.531250,5314.531250,13731844223
2019-04-22,5312.494629,5422.687500,5280.276855,5399.365234,5399.365234,14601631648
2019-04-23,5399.365723,5633.802246,5389.408691,5572.362305,5572.362305,15867308108
2019-04-24,5571.508301,5642.044434,5418.263184,5464.866699,5464.866699,17048033399
2019-04-25,5466.524414,5542.238281,5181.338867,5210.515625,5210.515625,15330283408
2019-04-26,5210.304688,5383.634277,5177.368652,5279.348145,5279.348145,16812108040
2019-04-27,5279.471191,5310.750000,5233.635742,5268.291016,5268.291016,13111274675
2019-04-28,5271.746582,5326.231934,5255.683594,5285.139160,5285.139160,12819992056
2019-04-29,5284.858398,5311.274902,5216.487793,5247.352539,5247.352539,13735490672
2019-04-30,5247.726074,5363.257324,5224.189941,5350.726563,5350.726563,13878964574
2019-05-01,5350.914551,5418.003906,5347.645996,5402.697266,5402.697266,13679528236
2019-05-02,5402.422852,5522.262695,5394.217285,5505.283691,5505.283691,14644460907
2019-05-03,5505.552246,5865.881836,5490.201660,5768.289551,5768.289551,18720780006
2019-05-04,5769.202637,5886.893555,5645.469238,5831.167480,5831.167480,17567780766
2019-05-05,5831.068359,5833.862793,5708.035156,5795.708496,5795.708496,14808830723
2019-05-06,5791.693359,5802.957520,5653.687500,5746.807129,5746.807129,15737171804
2019-05-07,5745.599121,5988.178223,5741.395996,5829.501465,5829.501465,18026409033
2019-05-08,5849.481445,5989.980957,5794.715820,5982.457520,5982.457520,15320605300
2019-05-09,5982.316406,6183.039063,5982.316406,6174.528809,6174.528809,16784645411
2019-05-10,6175.822754,6434.617676,6161.519043,6378.849121,6378.849121,19419875368
2019-05-11,6379.666992,7333.002930,6375.698730,7204.771484,7204.771484,28867562329
2019-05-12,7203.507324,7503.872070,6815.770996,6972.371582,6972.371582,27773333680
2019-05-13,6971.178223,8047.413086,6898.282227,7814.915039,7814.915039,28677672181
2019-05-14,7807.884277,8268.712891,7696.391113,7994.416016,7994.416016,32031452227
2019-05-15,7989.374512,8216.423828,7899.106934,8205.167969,8205.167969,28344112920
2019-05-16,8194.500977,8320.824219,7729.608398,7884.909180,7884.909180,33167197581
2019-05-17,7886.925781,7929.145508,7038.124512,7343.895508,7343.895508,30066644905
2019-05-18,7341.664551,7447.271973,7251.504395,7271.208008,7271.208008,21354286562
2019-05-19,7267.962891,8261.941406,7267.962891,8197.689453,8197.689453,25902422040
2019-05-20,8196.923828,8200.967773,7678.781738,7978.309082,7978.309082,23843404340
2019-05-21,7977.969238,8062.167969,7843.339844,7963.327637,7963.327637,25127245056
2019-05-22,7956.291992,7997.612305,7615.987305,7680.066406,7680.066406,24719473175
2019-05-23,7677.269043,7943.791504,7533.196777,7881.846680,7881.846680,24457107820
2019-05-24,7881.695313,8140.719727,7824.448730,7987.371582,7987.371582,25919126991
2019-05-25,7991.885254,8117.925781,7965.976074,8052.543945,8052.543945,22256813107
2019-05-26,8055.206055,8687.520508,7924.670410,8673.215820,8673.215820,26677970091
2019-05-27,8674.072266,8907.174805,8668.705078,8805.778320,8805.778320,27949839564
2019-05-28,8802.757813,8807.016602,8634.721680,8719.961914,8719.961914,24226919267
2019-05-29,8718.591797,8755.852539,8482.728516,8659.487305,8659.487305,23473479966
2019-05-30,8661.760742,9008.314453,8221.273438,8319.472656,8319.472656,29246528551
2019-05-31,8320.286133,8586.659180,8172.550781,8574.501953,8574.501953,25365190957
2019-06-01,8573.839844,8625.600586,8481.578125,8564.016602,8564.016602,22488303544
2019-06-02,8565.473633,8809.303711,8561.235352,8742.958008,8742.958008,20266216022
2019-06-03,8741.747070,8743.500000,8204.185547,8208.995117,8208.995117,22004511436
2019-06-04,8210.985352,8210.985352,7564.488770,7707.770996,7707.770996,24609731549
2019-06-05,7704.343262,7901.849121,7668.668457,7824.231445,7824.231445,21760923463
2019-06-06,7819.633301,7937.340820,7571.471191,7822.023438,7822.023438,19474611077
2019-06-07,7826.901367,8126.153320,7788.373535,8043.951172,8043.951172,19141423231
2019-06-08,8036.774902,8076.891113,7837.610840,7954.127930,7954.127930,16522722810
2019-06-09,7949.674805,7975.974121,7583.219727,7688.077148,7688.077148,16610726547
2019-06-10,7692.284668,8031.909668,7586.730957,8000.329590,8000.329590,18689275117
2019-06-11,8004.243652,8026.394043,7772.803711,7927.714355,7927.714355,17107279932
2019-06-12,7925.434082,8196.648438,7862.359863,8145.857422,8145.857422,19034432883
2019-06-13,8145.545410,8311.567383,8087.061035,8230.923828,8230.923828,18669407147
2019-06-14,8230.898438,8710.636719,8183.393066,8693.833008,8693.833008,19831162906
2019-06-15,8689.746094,8859.127930,8618.395508,8838.375000,8838.375000,18371033226
2019-06-16,8841.440430,9335.867188,8814.556641,8994.488281,8994.488281,23348550311
2019-06-17,8988.923828,9416.407227,8988.923828,9320.352539,9320.352539,15562951919
2019-06-18,9335.466797,9348.374023,9004.901367,9081.762695,9081.762695,15848210536
2019-06-19,9078.727539,9299.621094,9070.395508,9273.521484,9273.521484,15546809946
2019-06-20,9273.060547,9594.419922,9232.484375,9527.160156,9527.160156,17846823784
2019-06-21,9525.074219,10144.556641,9525.074219,10144.556641,10144.556641,20624008643
2019-06-22,10175.923828,11157.345703,10107.035156,10701.691406,10701.691406,29995204861
2019-06-23,10696.691406,11246.144531,10556.095703,10855.371094,10855.371094,20998326502
2019-06-24,10853.744141,11065.896484,10610.427734,11011.102539,11011.102539,19271652365
2019-06-25,11007.202148,11790.916992,11007.202148,11790.916992,11790.916992,24879684533
2019-06-26,11778.581055,13796.489258,11755.597656,13016.231445,13016.231445,45105733173
2019-06-27,13017.125000,13311.144531,10491.852539,11182.806641,11182.806641,39977475223
2019-06-28,11162.167969,12445.174805,10914.495117,12407.332031,12407.332031,35087757766
2019-06-29,12400.763672,12400.910156,11508.378906,11959.371094,11959.371094,29923961128
2019-06-30,11931.991211,12178.383789,10799.008789,10817.155273,10817.155273,27256473494